2024-12-18 15:10:04.142029,0x433ad35c,13.315
2024-12-18 15:14:21.172834,0x433aad0c,13.45
2024-12-18 15:20:06.219941,0x433ad35c,13.3325
2024-12-18 15:23:02.027546,0x433acb14,13.3725
2024-12-18 15:24:22.779230,0x433aad0c,13.44
2024-12-18 15:28:02.308250,0x433acb14,13.36125
2024-12-18 15:30:08.929665,0x433ad35c,13.32875
2024-12-18 15:48:50.936494,0x433acb14,13.3525
2024-12-18 15:50:12.632983,0x433ad35c,13.33
2024-12-18 15:52:25.381352,0x433abf20,13.4475
2024-12-18 15:53:03.552885,0x433acb14,13.34125
2024-12-18 15:54:32.059093,0x433aad0c,13.4025
2024-12-18 15:57:25.207821,0x433abf20,13.44125
2024-12-18 15:58:03.959786,0x433acb14,13.3425
2024-12-18 16:00:15.400697,0x433ad35c,13.32875
2024-12-18 16:02:25.576211,0x433abf20,13.42875
2024-12-18 16:03:03.612673,0x433acb14,13.335
2024-12-18 16:04:32.103662,0x433aad0c,13.39875
2024-12-18 16:07:25.802587,0x433abf20,13.4275
2024-12-18 16:08:04.172005,0x433acb14,13.33125
2024-12-18 16:10:18.603689,0x433ad35c,13.325
2024-12-18 16:12:26.018835,0x433abf20,13.42
2024-12-18 16:13:04.568292,0x433acb14,13.33125
2024-12-18 16:13:45.901064,0x433acb14,13.335
2024-12-18 16:14:35.417602,0x433aad0c,13.38875
2024-12-18 16:17:26.244799,0x433abf20,13.41375
2024-12-18 16:18:20.514158,0x433aafcc,13.3825
2024-12-18 16:18:44.726235,0x433aafcc,13.38
2024-12-18 16:18:47.535514,0x433acb14,13.33125
2024-12-18 16:20:20.440536,0x433ad35c,13.3275
2024-12-18 16:22:26.801617,0x433abf20,13.41
2024-12-18 16:23:44.670609,0x433aafcc,13.3475
2024-12-18 16:23:47.846797,0x433acb14,13.3275
2024-12-18 16:24:40.208104,0x433aad0c,13.37875
2024-12-18 16:27:26.915668,0x433abf20,13.40125
2024-12-18 16:28:47.342904,0x433acb14,13.3225
2024-12-18 16:28:49.816521,0x433aafcc,13.365
2024-12-18 16:30:22.864057,0x433ad35c,13.325
2024-12-18 16:32:27.358290,0x433abf20,13.3775
2024-12-18 16:33:48.117174,0x433acb14,13.3175
2024-12-18 16:33:51.008967,0x433aafcc,13.36
2024-12-18 16:34:40.490344,0x433aad0c,13.37125
2024-12-18 16:37:27.544713,0x433abf20,13.39375
2024-12-18 16:38:47.107911,0x433aafcc,13.35375
2024-12-18 16:38:50.316633,0x433acb14,13.32
2024-12-18 16:40:25.125983,0x433ad35c,13.32625
2024-12-18 16:42:29.321022,0x433abf20,13.38375
2024-12-18 16:43:52.317561,0x433aafcc,13.35
2024-12-18 16:43:53.241770,0x433acb14,13.32
2024-12-18 16:44:50.154594,0x433aad0c,13.365
2024-12-18 16:47:30.113874,0x433abf20,13.385
2024-12-18 16:48:50.571565,0x433aafcc,13.34375
2024-12-18 16:48:56.848658,0x433acb14,13.28875
2024-12-18 16:50:27.650726,0x433ad35c,13.32125
2024-12-18 16:52:30.516509,0x433abf20,13.37875
2024-12-18 16:53:49.238454,0x433aafcc,13.34125
2024-12-18 16:53:49.944331,0x433acb14,13.3125
2024-12-18 16:54:50.353124,0x433aad0c,13.35125
2024-12-18 16:57:32.741427,0x433abf20,13.36625
2024-12-18 16:58:50.564126,0x433acb14,13.31125
2024-12-18 16:58:54.663533,0x433aafcc,13.3375
2024-12-18 17:00:52.878739,0x433ad35c,13.32625
2024-12-18 17:02:32.863221,0x433abf20,13.37125
2024-12-18 17:03:48.106163,0x433aafcc,13.33375
2024-12-18 17:03:52.549435,0x433acb14,13.30875
2024-12-18 17:04:50.321003,0x433aad0c,13.3475
2024-12-18 17:07:33.797689,0x433abf20,13.36625
2024-12-18 17:08:50.041950,0x433aafcc,13.33125
2024-12-18 17:08:53.237936,0x433acb14,13.30375
2024-12-18 17:10:32.779792,0x433ad35c,13.32125
2024-12-18 17:12:34.896275,0x433abf20,13.34
2024-12-18 17:13:53.119670,0x433aafcc,13.3275
2024-12-18 17:13:57.095923,0x433acb14,13.305
2024-12-18 17:14:52.379826,0x433aad0c,13.3375
2024-12-18 17:17:37.945594,0x433abf20,13.355
2024-12-18 17:18:55.584297,0x433aafcc,13.3225
2024-12-18 17:19:02.817397,0x433acb14,13.30125
2024-12-18 17:20:35.327763,0x433ad35c,13.31875
2024-12-18 17:22:40.477238,0x433abf20,13.35125
2024-12-18 17:23:56.791100,0x433aafcc,13.32375
2024-12-18 17:23:58.283546,0x433acb14,13.29875
2024-12-18 17:24:54.384771,0x433aad0c,13.33125
2024-12-18 17:27:41.691225,0x433abf20,13.3475
2024-12-18 17:28:58.942380,0x433aafcc,13.32125
2024-12-18 17:29:02.682062,0x433acb14,13.29875
2024-12-18 17:29:22.069028,0x433b0098,13.29
2024-12-18 17:30:15.795029,0x433b0098,13.29
2024-12-18 17:30:38.381312,0x433ad35c,13.32
2024-12-18 17:32:47.370289,0x433abf20,13.33875
2024-12-18 17:34:01.535468,0x433acb14,13.29875
2024-12-18 17:34:07.235662,0x433aafcc,13.31625
2024-12-18 17:34:59.459066,0x433aad0c,13.32875
2024-12-18 17:37:42.866365,0x433abf20,13.34125
2024-12-18 17:38:59.333589,0x433aafcc,13.315
2024-12-18 17:39:01.659663,0x433acb14,13.2925
2024-12-18 17:40:16.728536,0x433b0098,13.28375
2024-12-18 17:40:41.775754,0x433ad35c,13.32125
2024-12-18 17:42:46.249637,0x433abf20,13.33875
2024-12-18 17:44:02.657684,0x433aafcc,13.315
2024-12-18 17:44:05.529379,0x433acb14,13.2975
2024-12-18 17:45:03.639454,0x433aad0c,13.32
2024-12-18 17:47:48.227390,0x433abf20,13.335
2024-12-18 17:49:04.608172,0x433aafcc,13.31
2024-12-18 17:49:09.390822,0x433acb14,13.29375
2024-12-18 17:50:17.858045,0x433b0098,13.27625
2024-12-18 17:50:45.594321,0x433ad35c,13.32125
2024-12-18 17:52:47.366560,0x433abf20,13.33
2024-12-18 17:54:01.694558,0x433aafcc,13.30875
2024-12-18 17:54:06.608105,0x433acb14,13.28875
2024-12-18 17:55:05.666477,0x433aad0c,13.32
2024-12-18 17:57:45.435633,0x433abf20,13.3075
2024-12-18 17:59:03.468195,0x433aafcc,13.305
2024-12-18 17:59:08.986887,0x433acb14,13.29125
2024-12-18 18:00:17.132986,0x433b0098,13.27625
2024-12-18 18:00:48.226034,0x433ad35c,13.32
2024-12-18 18:02:51.247975,0x433abf20,13.32375
2024-12-18 18:04:08.707750,0x433aafcc,13.30125
2024-12-18 18:04:12.821568,0x433acb14,13.28875
2024-12-18 18:05:04.837522,0x433aad0c,13.31375
2024-12-18 18:07:46.963327,0x433abf20,13.32
2024-12-18 18:09:06.842854,0x433aafcc,13.30125
2024-12-18 18:09:10.453928,0x433acb14,13.2875
2024-12-18 18:10:17.950807,0x433b0098,13.24875
2024-12-18 18:10:52.648552,0x433ad35c,13.32125
2024-12-18 18:12:48.298480,0x433abf20,13.32125
2024-12-18 18:14:11.379639,0x433aafcc,13.29875
2024-12-18 18:14:18.793032,0x433acb14,13.28
2024-12-18 18:15:07.880069,0x433aad0c,13.31125
2024-12-18 18:17:48.534859,0x433abf20,13.31625
2024-12-18 18:19:10.448685,0x433aafcc,13.3025
2024-12-18 18:19:20.451800,0x433acb14,13.28125
2024-12-18 18:20:18.906053,0x433b0098,13.2725
2024-12-18 18:20:53.245927,0x433ad35c,13.3175
2024-12-18 18:22:49.857783,0x433abf20,13.31625
2024-12-18 18:24:10.639744,0x433aafcc,13.30125
2024-12-18 18:24:15.158036,0x433acb14,13.285
2024-12-18 18:25:11.437106,0x433aad0c,13.30375
2024-12-18 18:27:52.806774,0x433abf20,13.31
2024-12-18 18:29:12.683614,0x433aafcc,13.2975
2024-12-18 18:29:16.662601,0x433acb14,13.28625
2024-12-18 18:30:19.616154,0x433b0098,13.20625
2024-12-18 18:30:56.519443,0x433ad35c,13.32
2024-12-18 18:32:53.119727,0x433abf20,13.31
2024-12-18 18:34:14.033773,0x433aafcc,13.29875
2024-12-18 18:34:17.510212,0x433acb14,13.28375
2024-12-18 18:35:12.910356,0x433aad0c,13.29875
2024-12-18 18:37:53.066958,0x433abf20,13.30875
2024-12-18 18:39:13.882147,0x433aafcc,13.295
2024-12-18 18:39:20.383616,0x433acb14,13.28125
2024-12-18 18:40:19.214006,0x433b0098,13.2625
2024-12-18 18:40:58.793044,0x433ad35c,13.3175
2024-12-18 18:42:53.317801,0x433abf20,13.3075
2024-12-18 18:44:18.109798,0x433aafcc,13.2975
2024-12-18 18:44:28.461620,0x433acb14,13.28125
2024-12-18 18:45:15.257494,0x433aad0c,13.29625
2024-12-18 18:47:54.221982,0x433abf20,13.3025
2024-12-18 18:49:15.595465,0x433aafcc,13.295
2024-12-18 18:49:23.945485,0x433acb14,13.28
2024-12-18 18:50:21.596497,0x433b0098,13.255
2024-12-18 18:51:02.325392,0x433ad35c,13.3175
2024-12-18 18:52:54.803475,0x433abf20,13.29875
2024-12-18 18:54:18.247775,0x433aafcc,13.2925
2024-12-18 18:54:22.343658,0x433acb14,13.27625
2024-12-18 18:55:20.834394,0x433aad0c,13.29125
2024-12-18 18:57:44.580972,0x433bc2b0,11.8425
2024-12-18 18:57:56.024391,0x433abf20,13.29625
2024-12-18 18:59:18.007426,0x433aafcc,13.2925
2024-12-18 18:59:25.945072,0x433acb14,13.27875
2024-12-18 19:00:26.769367,0x433b0098,13.2575
2024-12-18 19:01:06.495548,0x433ad35c,13.31125
2024-12-18 19:02:55.791733,0x433abf20,13.29625
2024-12-18 19:04:22.773585,0x433aafcc,13.29125
2024-12-18 19:04:32.231302,0x433acb14,13.27625
2024-12-18 19:05:23.161885,0x433aad0c,13.29125
2024-12-18 19:07:56.864933,0x433abf20,13.29125
2024-12-18 19:09:23.000205,0x433aafcc,13.2925
2024-12-18 19:09:28.297546,0x433acb14,13.27875
2024-12-18 19:10:24.800473,0x433b0098,13.25
2024-12-18 19:11:06.649469,0x433ad35c,13.31125
2024-12-18 19:12:57.579234,0x433abf20,13.2975
2024-12-18 19:14:23.423196,0x433aafcc,13.29
2024-12-18 19:14:32.814551,0x433acb14,13.2775
2024-12-18 19:15:26.026187,0x433aad0c,13.28875
2024-12-18 19:17:57.611919,0x433abf20,13.29625
2024-12-18 19:19:24.640506,0x433aafcc,13.28875
2024-12-18 19:19:31.826610,0x433acb14,13.27625
2024-12-18 19:20:35.454595,0x433b0098,13.25
2024-12-18 19:21:15.997825,0x433ad35c,13.31375
2024-12-18 19:22:57.844769,0x433abf20,13.29
2024-12-18 19:24:26.694420,0x433aafcc,13.285
2024-12-18 19:24:32.143627,0x433acb14,13.27625
2024-12-18 19:25:25.807847,0x433aad0c,13.28625
2024-12-18 19:27:58.565858,0x433abf20,13.28875
2024-12-18 19:29:28.731175,0x433aafcc,13.28875
2024-12-18 19:29:32.325876,0x433acb14,13.275
2024-12-18 19:30:31.875095,0x433b0098,13.24125
2024-12-18 19:31:13.071345,0x433ad35c,13.3125
2024-12-18 19:33:00.556139,0x433abf20,13.28875
2024-12-18 19:34:29.286575,0x433aafcc,13.28625
2024-12-18 19:34:38.990711,0x433acb14,13.2775
2024-12-18 19:35:27.988929,0x433aad0c,13.27875
2024-12-18 19:37:59.701885,0x433abf20,13.28625
2024-12-18 19:39:34.063182,0x433aafcc,13.28375
2024-12-18 19:39:36.073372,0x433acb14,13.2725
2024-12-18 19:40:32.883930,0x433b0098,13.255
2024-12-18 19:41:14.910920,0x433ad35c,13.3125
2024-12-18 19:43:00.516949,0x433abf20,13.28625
2024-12-18 19:44:34.316003,0x433aafcc,13.28625
2024-12-18 19:44:39.717466,0x433acb14,13.27375
2024-12-18 19:45:32.988761,0x433aad0c,13.27
2024-12-18 19:48:01.564436,0x433abf20,13.28375
2024-12-18 19:49:33.500070,0x433aafcc,13.285
2024-12-18 19:49:40.061592,0x433acb14,13.27375
2024-12-18 19:50:32.936616,0x433b0098,13.2025
2024-12-18 19:51:16.699246,0x433ad35c,13.3125
2024-12-18 19:53:01.774832,0x433abf20,13.2825
2024-12-18 19:54:34.031545,0x433aafcc,13.28125
2024-12-18 19:54:43.071958,0x433acb14,13.27375
2024-12-18 19:55:35.311778,0x433aad0c,13.2775
2024-12-18 19:58:02.296052,0x433abf20,13.27875
2024-12-18 19:59:37.834654,0x433aafcc,13.285
2024-12-18 19:59:44.003538,0x433acb14,13.275
2024-12-18 20:00:33.565459,0x433b0098,13.2525
2024-12-18 20:01:20.548143,0x433ad35c,13.3125
2024-12-18 20:03:04.651467,0x433abf20,13.2775
2024-12-18 20:04:35.334727,0x433aafcc,13.2825
2024-12-18 20:04:43.739096,0x433acb14,13.275
2024-12-18 20:05:37.809829,0x433aad0c,13.2775
2024-12-18 20:08:06.026390,0x433abf20,13.28125
2024-12-18 20:09:39.761783,0x433aafcc,13.2825
2024-12-18 20:09:44.607298,0x433acb14,13.27125
2024-12-18 20:10:35.896316,0x433b0098,13.255
2024-12-18 20:11:22.589193,0x433ad35c,13.31125
2024-12-18 20:13:07.544006,0x433abf20,13.2775
2024-12-18 20:14:40.330648,0x433aafcc,13.26
2024-12-18 20:14:46.884526,0x433acb14,13.27375
2024-12-18 20:15:45.778175,0x433aad0c,13.27625
2024-12-18 20:18:05.701455,0x433abf20,13.275
2024-12-18 20:19:40.023021,0x433aafcc,13.28125
2024-12-18 20:19:53.971804,0x433acb14,13.27375
2024-12-18 20:20:43.510612,0x433b0098,13.245
2024-12-18 20:21:24.766447,0x433ad35c,13.31
2024-12-18 20:23:07.232895,0x433abf20,13.27375
2024-12-18 20:24:43.085543,0x433aafcc,13.28125
2024-12-18 20:24:50.194968,0x433acb14,13.2725
2024-12-18 20:25:43.825500,0x433aad0c,13.26875
2024-12-18 20:28:07.719499,0x433abf20,13.2725
2024-12-18 20:29:44.605407,0x433aafcc,13.27875
2024-12-18 20:29:59.409500,0x433acb14,13.27
2024-12-18 20:30:37.671883,0x433b0098,13.24375
2024-12-18 20:31:26.874316,0x433ad35c,13.30625
2024-12-18 20:33:07.369923,0x433abf20,13.2725
2024-12-18 20:34:47.278632,0x433aafcc,13.27625
2024-12-18 20:34:55.288423,0x433acb14,13.27125
2024-12-18 20:35:47.023890,0x433aad0c,13.27
2024-12-18 20:38:09.142156,0x433abf20,13.2725
2024-12-18 20:39:49.325100,0x433aafcc,13.28
2024-12-18 20:39:56.936092,0x433acb14,13.27125
2024-12-18 20:40:39.014055,0x433b0098,13.24125
2024-12-18 20:41:30.625410,0x433ad35c,13.30875
2024-12-18 20:43:09.312833,0x433abf20,13.2725
2024-12-18 20:44:51.176529,0x433aafcc,13.28
2024-12-18 20:44:57.020424,0x433acb14,13.27125
2024-12-18 20:45:49.641596,0x433aad0c,13.2675
2024-12-18 20:48:09.559668,0x433abf20,13.2725
2024-12-18 20:49:56.399253,0x433aafcc,13.27875
2024-12-18 20:50:03.226899,0x433acb14,13.2675
2024-12-18 20:50:40.322723,0x433b0098,13.2475
2024-12-18 20:51:32.579200,0x433ad35c,13.30875
2024-12-18 20:53:12.049972,0x433abf20,13.27375
2024-12-18 20:54:58.680578,0x433acb14,13.26875
2024-12-18 20:55:09.155381,0x433aafcc,13.2775
2024-12-18 20:55:53.025682,0x433aad0c,13.27
2024-12-18 20:58:10.901965,0x433abf20,13.27
2024-12-18 20:59:57.496566,0x433aafcc,13.24875
2024-12-18 21:00:03.510575,0x433acb14,13.26625
2024-12-18 21:00:42.111779,0x433b0098,13.235
2024-12-18 21:01:41.191809,0x433ad35c,13.305
2024-12-18 21:03:11.467664,0x433abf20,13.27
2024-12-18 21:04:55.134591,0x433aafcc,13.28
2024-12-18 21:05:02.346234,0x433acb14,13.2725
2024-12-18 21:05:57.372415,0x433aad0c,13.265
2024-12-18 21:08:12.218528,0x433abf20,13.27125
2024-12-18 21:09:55.513458,0x433aafcc,13.2775
2024-12-18 21:10:03.759123,0x433acb14,13.26875
2024-12-18 21:10:42.504931,0x433b0098,13.24375
2024-12-18 21:11:36.939802,0x433ad35c,13.30625
2024-12-18 21:13:14.224995,0x433abf20,13.26875
2024-12-18 21:14:57.095589,0x433aafcc,13.275
2024-12-18 21:15:08.561494,0x433acb14,13.27
2024-12-18 21:15:56.264184,0x433aad0c,13.26625
2024-12-18 21:18:13.881464,0x433abf20,13.26375
2024-12-18 21:19:56.842115,0x433aafcc,13.27875
2024-12-18 21:20:07.947496,0x433acb14,13.26625
2024-12-18 21:20:43.797915,0x433b0098,13.24375
2024-12-18 21:21:41.963520,0x433ad35c,13.3025
2024-12-18 21:23:14.292718,0x433abf20,13.26375
2024-12-18 21:24:59.928299,0x433aafcc,13.27625
2024-12-18 21:25:07.146683,0x433acb14,13.2675
2024-12-18 21:25:59.022774,0x433aad0c,13.26625
2024-12-18 21:28:14.806985,0x433abf20,13.26625
2024-12-18 21:30:03.444385,0x433aafcc,13.275
2024-12-18 21:30:09.938927,0x433acb14,13.265
2024-12-18 21:30:45.036704,0x433b0098,13.2425
2024-12-18 21:31:42.673654,0x433ad35c,13.3075
2024-12-18 21:33:16.162138,0x433abf20,13.25875
2024-12-18 21:35:00.436080,0x433aafcc,13.27625
2024-12-18 21:35:09.932621,0x433acb14,13.27
2024-12-18 21:36:03.832913,0x433aad0c,13.2675
2024-12-18 21:38:17.491417,0x433abf20,13.26625
2024-12-18 21:40:02.137519,0x433aafcc,13.25375
2024-12-18 21:40:11.800218,0x433acb14,13.26875
2024-12-18 21:40:46.804326,0x433b0098,13.19875
2024-12-18 21:41:45.351081,0x433ad35c,13.30125
2024-12-18 21:43:18.944628,0x433abf20,13.2675
2024-12-18 21:45:03.824237,0x433aafcc,13.27375
2024-12-18 21:45:13.562776,0x433acb14,13.2675
2024-12-18 21:46:06.226477,0x433aad0c,13.2625
2024-12-18 21:48:22.956425,0x433abf20,13.265
2024-12-18 21:50:04.968103,0x433aafcc,13.275
2024-12-18 21:50:17.509619,0x433acb14,13.26375
2024-12-18 21:50:49.203458,0x433b0098,13.245
2024-12-18 21:51:48.151287,0x433ad35c,13.3025
2024-12-18 21:53:19.407662,0x433abf20,13.26625
2024-12-18 21:55:08.683797,0x433aafcc,13.27625
2024-12-18 21:55:16.559109,0x433acb14,13.26375
2024-12-18 21:56:08.847859,0x433aad0c,13.26125
2024-12-18 21:58:20.251547,0x433abf20,13.26
2024-12-18 22:00:16.182456,0x433aafcc,13.27375
2024-12-18 22:00:19.201959,0x433acb14,13.2675
2024-12-18 22:00:53.675467,0x433b0098,13.24625
2024-12-18 22:01:58.688518,0x433ad35c,13.30625
2024-12-18 22:03:22.007976,0x433abf20,13.26125
2024-12-18 22:05:10.333664,0x433aafcc,13.275
2024-12-18 22:05:21.835543,0x433acb14,13.2625
2024-12-18 22:06:12.004428,0x433aad0c,13.2625
2024-12-18 22:08:22.594374,0x433abf20,13.2625
2024-12-18 22:10:13.639198,0x433aafcc,13.275
2024-12-18 22:10:20.686750,0x433acb14,13.25875
2024-12-18 22:10:52.366071,0x433b0098,13.24
2024-12-18 22:11:55.790070,0x433ad35c,13.3025
2024-12-18 22:13:23.243020,0x433abf20,13.26375
2024-12-18 22:15:12.784246,0x433aafcc,13.2725
2024-12-18 22:15:20.772656,0x433acb14,13.2625
2024-12-18 22:16:14.102619,0x433aad0c,13.26
2024-12-18 22:18:24.394609,0x433abf20,13.26375
2024-12-18 22:20:13.684725,0x433aafcc,13.2725
2024-12-18 22:20:23.289189,0x433acb14,13.2675
2024-12-18 22:20:54.608295,0x433b0098,13.23875
2024-12-18 22:21:58.055694,0x433ad35c,13.30375
2024-12-18 22:23:25.831190,0x433abf20,13.26375
2024-12-18 22:25:15.421136,0x433aafcc,13.275
2024-12-18 22:25:23.934637,0x433acb14,13.26375
2024-12-18 22:26:15.637158,0x433aad0c,13.26375
2024-12-18 22:28:29.311638,0x433abf20,13.2625
2024-12-18 22:30:16.780697,0x433aafcc,13.27375
2024-12-18 22:30:24.611376,0x433acb14,13.26375
2024-12-18 22:30:56.786433,0x433b0098,13.24
2024-12-18 22:31:59.481661,0x433ad35c,13.3
2024-12-18 22:33:28.032294,0x433abf20,13.2625
2024-12-18 22:35:16.629481,0x433aafcc,13.27375
2024-12-18 22:35:26.923613,0x433acb14,13.26875
2024-12-18 22:36:18.817246,0x433aad0c,13.25875
2024-12-18 22:38:30.045002,0x433abf20,13.2575
2024-12-18 22:40:17.294935,0x433aafcc,13.2725
2024-12-18 22:40:27.123995,0x433acb14,13.265
2024-12-18 22:41:06.840340,0x433b0098,13.24375
2024-12-18 22:42:03.050105,0x433ad35c,13.2825
2024-12-18 22:43:33.367628,0x433abf20,13.26125
2024-12-18 22:45:20.434577,0x433aafcc,13.2725
2024-12-18 22:45:28.429253,0x433acb14,13.26875
2024-12-18 22:46:19.457553,0x433aad0c,13.2375
2024-12-18 22:48:32.534435,0x433abf20,13.26125
2024-12-18 22:50:23.747293,0x433aafcc,13.2725
2024-12-18 22:50:29.671767,0x433acb14,13.26625
2024-12-18 22:51:00.037596,0x433b0098,13.2375
2024-12-18 22:52:06.553152,0x433ad35c,13.30375
2024-12-18 22:53:32.696519,0x433abf20,13.25875
2024-12-18 22:55:20.866882,0x433aafcc,13.2725
2024-12-18 22:55:34.281338,0x433acb14,13.26875
2024-12-18 22:56:24.218843,0x433aad0c,13.25875
2024-12-18 22:58:34.385580,0x433abf20,13.26
2024-12-18 23:00:22.267550,0x433aafcc,13.2725
2024-12-18 23:00:33.178854,0x433acb14,13.26375
2024-12-18 23:01:04.504069,0x433b0098,13.24375
2024-12-18 23:02:08.497740,0x433ad35c,13.29875
2024-12-18 23:03:37.072311,0x433abf20,13.2625
2024-12-18 23:05:23.372847,0x433aafcc,13.2725
2024-12-18 23:05:34.395518,0x433acb14,13.26375
2024-12-18 23:06:27.060854,0x433aad0c,13.26125
2024-12-18 23:08:39.107092,0x433abf20,13.26375
2024-12-18 23:10:25.532970,0x433aafcc,13.27125
2024-12-18 23:10:35.833798,0x433acb14,13.2625
2024-12-18 23:11:04.978084,0x433b0098,13.24
2024-12-18 23:12:09.918586,0x433ad35c,13.30375
2024-12-18 23:13:38.500003,0x433abf20,13.26
2024-12-18 23:15:26.608127,0x433aafcc,13.2725
2024-12-18 23:15:36.995318,0x433acb14,13.26625
2024-12-18 23:16:28.602224,0x433aad0c,13.26125
2024-12-18 23:18:40.059859,0x433abf20,13.255
2024-12-18 23:20:27.663140,0x433aafcc,13.27125
2024-12-18 23:20:37.617143,0x433acb14,13.265
2024-12-18 23:21:05.039470,0x433b0098,13.24
2024-12-18 23:22:12.997818,0x433ad35c,13.30125
2024-12-18 23:23:41.293230,0x433abf20,13.26125
2024-12-18 23:25:28.412942,0x433aafcc,13.275
2024-12-18 23:25:39.356627,0x433acb14,13.26625
2024-12-18 23:26:31.323122,0x433aad0c,13.25875
2024-12-18 23:28:46.285434,0x433abf20,13.26
2024-12-18 23:30:29.845535,0x433aafcc,13.26875
2024-12-18 23:30:40.296636,0x433acb14,13.26625
2024-12-18 23:31:08.229704,0x433b0098,13.23
2024-12-18 23:32:16.631697,0x433ad35c,13.30125
2024-12-18 23:33:44.949272,0x433abf20,13.25625
2024-12-18 23:35:30.961677,0x433aafcc,13.27
2024-12-18 23:35:42.121794,0x433acb14,13.2625
2024-12-18 23:36:36.875109,0x433aad0c,13.26375
2024-12-18 23:38:44.045321,0x433abf20,13.25625
2024-12-18 23:40:33.680964,0x433aafcc,13.27125
2024-12-18 23:40:47.145022,0x433acb14,13.26625
2024-12-18 23:41:07.218751,0x433b0098,13.245
2024-12-18 23:42:18.654726,0x433ad35c,13.29875
2024-12-18 23:43:46.088522,0x433abf20,13.26125
2024-12-18 23:45:34.532705,0x433aafcc,13.27125
2024-12-18 23:45:44.703442,0x433acb14,13.265
2024-12-18 23:46:37.929449,0x433aad0c,13.2575
2024-12-18 23:48:49.155980,0x433abf20,13.2575
2024-12-18 23:50:35.404824,0x433aafcc,13.27
2024-12-18 23:50:48.190524,0x433acb14,13.26625
2024-12-18 23:51:08.753721,0x433b0098,13.24625
2024-12-18 23:52:21.448548,0x433ad35c,13.30125
2024-12-18 23:53:47.480938,0x433abf20,13.25875
2024-12-18 23:55:36.885295,0x433aafcc,13.2725
2024-12-18 23:55:51.021564,0x433acb14,13.26625
2024-12-18 23:56:42.646016,0x433aad0c,13.235
2024-12-18 23:58:56.358751,0x433abf20,13.26
2024-12-19 00:00:39.263541,0x433aafcc,13.27125
2024-12-19 00:00:51.020349,0x433acb14,13.26625
2024-12-19 00:01:10.685232,0x433b0098,13.24
2024-12-19 00:02:23.980373,0x433ad35c,13.29875
2024-12-19 00:03:48.676040,0x433abf20,13.2575
2024-12-19 00:05:42.317372,0x433aafcc,13.27
2024-12-19 00:05:49.967999,0x433acb14,13.26125
2024-12-19 00:06:44.105430,0x433aad0c,13.2575
2024-12-19 00:08:51.000580,0x433abf20,13.255
2024-12-19 00:10:43.363396,0x433aafcc,13.27125
2024-12-19 00:10:53.605287,0x433acb14,13.2625
2024-12-19 00:11:10.655532,0x433b0098,13.23375
2024-12-19 00:12:26.382082,0x433ad35c,13.29625
2024-12-19 00:13:50.924050,0x433abf20,13.2575
2024-12-19 00:15:45.611567,0x433aafcc,13.26875
2024-12-19 00:15:54.599254,0x433acb14,13.265
2024-12-19 00:16:47.880160,0x433aad0c,13.26125
2024-12-19 00:18:53.135566,0x433abf20,13.25875
2024-12-19 00:20:46.332363,0x433aafcc,13.27125
2024-12-19 00:20:58.813633,0x433acb14,13.26625
2024-12-19 00:21:12.061405,0x433b0098,13.2425
2024-12-19 00:22:29.707752,0x433ad35c,13.29625
2024-12-19 00:23:55.776489,0x433abf20,13.26
2024-12-19 00:25:46.984519,0x433aafcc,13.2675
2024-12-19 00:26:00.403158,0x433acb14,13.265
2024-12-19 00:26:54.574185,0x433aad0c,13.26125
2024-12-19 00:28:55.854927,0x433abf20,13.26
2024-12-19 00:30:49.725182,0x433aafcc,13.27
2024-12-19 00:31:00.027063,0x433acb14,13.26625
2024-12-19 00:31:13.289522,0x433b0098,13.2425
2024-12-19 00:32:30.678911,0x433ad35c,13.29875
2024-12-19 00:33:57.992293,0x433abf20,13.25625
2024-12-19 00:35:50.647875,0x433aafcc,13.27
2024-12-19 00:36:03.968571,0x433acb14,13.26375
2024-12-19 00:36:53.909719,0x433aad0c,13.26
2024-12-19 00:38:59.281796,0x433abf20,13.255
2024-12-19 00:40:52.072123,0x433aafcc,13.2675
2024-12-19 00:41:03.722493,0x433acb14,13.23625
2024-12-19 00:41:15.597131,0x433b0098,13.23625
2024-12-19 00:42:34.716971,0x433ad35c,13.2925
2024-12-19 00:44:01.554417,0x433abf20,13.26
2024-12-19 00:45:53.287541,0x433aafcc,13.27
2024-12-19 00:46:11.002699,0x433acb14,13.2425
2024-12-19 00:46:58.278550,0x433aad0c,13.2575
2024-12-19 00:49:02.457708,0x433abf20,13.25625
2024-12-19 00:50:53.902549,0x433aafcc,13.26875
2024-12-19 00:51:08.557567,0x433acb14,13.26625
2024-12-19 00:51:16.388377,0x433b0098,13.23625
2024-12-19 00:52:36.473475,0x433ad35c,13.29875
2024-12-19 00:54:12.651870,0x433abf20,13.26
2024-12-19 00:55:54.924957,0x433aafcc,13.27125
2024-12-19 00:56:07.923764,0x433acb14,13.265
2024-12-19 00:56:59.993578,0x433aad0c,13.26375
2024-12-19 00:59:04.219869,0x433abf20,13.2575
2024-12-19 01:00:56.450406,0x433aafcc,13.26875
2024-12-19 01:01:11.061353,0x433acb14,13.2675
2024-12-19 01:01:19.799006,0x433b0098,13.245
2024-12-19 01:02:39.634509,0x433ad35c,13.2975
2024-12-19 01:04:05.099082,0x433abf20,13.2625
2024-12-19 01:05:59.008247,0x433aafcc,13.2675
2024-12-19 01:06:11.914426,0x433acb14,13.26375
2024-12-19 01:07:02.642080,0x433aad0c,13.2575
2024-12-19 01:09:08.647078,0x433abf20,13.25875
2024-12-19 01:10:59.924863,0x433aafcc,13.26875
2024-12-19 01:11:12.786513,0x433acb14,13.26625
2024-12-19 01:11:20.609048,0x433b0098,13.2375
2024-12-19 01:12:40.756369,0x433ad35c,13.295
2024-12-19 01:14:10.170691,0x433abf20,13.26
2024-12-19 01:16:03.647332,0x433aafcc,13.27
2024-12-19 01:16:19.372251,0x433acb14,13.26125
2024-12-19 01:17:10.797386,0x433aad0c,13.26
2024-12-19 01:19:14.357402,0x433abf20,13.2575
2024-12-19 01:21:11.198763,0x433aafcc,13.26875
2024-12-19 01:21:24.048935,0x433b0098,13.23625
2024-12-19 01:21:25.794254,0x433acb14,13.24125
2024-12-19 01:22:43.740179,0x433ad35c,13.295
2024-12-19 01:24:12.592310,0x433abf20,13.26125
2024-12-19 01:26:03.876571,0x433aafcc,13.26875
2024-12-19 01:26:15.956330,0x433acb14,13.2625
2024-12-19 01:27:08.510538,0x433aad0c,13.26125
2024-12-19 01:29:10.726741,0x433abf20,13.25875
2024-12-19 01:31:06.316694,0x433aafcc,13.26625
2024-12-19 01:31:22.281684,0x433acb14,13.26625
2024-12-19 01:31:25.375708,0x433b0098,13.2375
2024-12-19 01:32:48.761051,0x433ad35c,13.29625
2024-12-19 01:34:17.603964,0x433abf20,13.25625
2024-12-19 01:36:07.341774,0x433aafcc,13.2675
2024-12-19 01:36:20.471623,0x433acb14,13.2625
2024-12-19 01:37:10.449229,0x433aad0c,13.26125
2024-12-19 01:39:12.093560,0x433abf20,13.25875
2024-12-19 01:41:08.267861,0x433aafcc,13.26625
2024-12-19 01:41:22.594282,0x433acb14,13.26625
2024-12-19 01:41:26.724304,0x433b0098,13.24125
2024-12-19 01:42:49.113510,0x433ad35c,13.29625
2024-12-19 01:44:14.948858,0x433abf20,13.26125
2024-12-19 01:46:11.197702,0x433aafcc,13.26625
2024-12-19 01:46:24.509650,0x433acb14,13.26375
2024-12-19 01:47:17.458033,0x433aad0c,13.26125
2024-12-19 01:49:21.055555,0x433abf20,13.24
2024-12-19 01:51:11.899730,0x433aafcc,13.26875
2024-12-19 01:51:27.187925,0x433acb14,13.265
2024-12-19 01:51:28.699882,0x433b0098,13.24375
2024-12-19 01:52:51.655477,0x433ad35c,13.29375
2024-12-19 01:54:16.740129,0x433abf20,13.2625
2024-12-19 01:56:12.935530,0x433aafcc,13.2675
2024-12-19 01:56:25.678703,0x433acb14,13.26375
2024-12-19 01:57:19.972790,0x433aad0c,13.26125
2024-12-19 01:59:18.142518,0x433abf20,13.2625
2024-12-19 02:01:13.637601,0x433aafcc,13.2675
2024-12-19 02:01:26.192127,0x433acb14,13.26375
2024-12-19 02:01:29.110762,0x433b0098,13.24375
2024-12-19 02:02:54.170163,0x433ad35c,13.29375
2024-12-19 02:04:18.021263,0x433abf20,13.25625
2024-12-19 02:06:14.917118,0x433aafcc,13.26625
2024-12-19 02:06:29.753463,0x433acb14,13.26125
2024-12-19 02:07:19.896131,0x433aad0c,13.26125
2024-12-19 02:09:18.744660,0x433abf20,13.2575
2024-12-19 02:11:17.559222,0x433aafcc,13.26875
2024-12-19 02:11:29.555283,0x433acb14,13.2675
2024-12-19 02:11:32.707517,0x433b0098,13.24125
2024-12-19 02:12:57.414836,0x433ad35c,13.2975
2024-12-19 02:14:19.474761,0x433abf20,13.26
2024-12-19 02:16:18.289256,0x433aafcc,13.2675
2024-12-19 02:16:30.885648,0x433acb14,13.26125
2024-12-19 02:17:23.391630,0x433aad0c,13.2575
2024-12-19 02:19:21.866336,0x433abf20,13.26
2024-12-19 02:21:19.567526,0x433aafcc,13.26625
2024-12-19 02:21:31.624715,0x433acb14,13.265
2024-12-19 02:21:34.926033,0x433b0098,13.2475
2024-12-19 02:22:59.093157,0x433ad35c,13.2975
2024-12-19 02:24:22.270805,0x433abf20,13.25625
2024-12-19 02:26:20.940523,0x433aafcc,13.26625
2024-12-19 02:26:33.327132,0x433acb14,13.26625
2024-12-19 02:27:25.184360,0x433aad0c,13.25875
2024-12-19 02:29:23.267209,0x433abf20,13.25625
2024-12-19 02:31:23.709579,0x433aafcc,13.2675
2024-12-19 02:31:34.651628,0x433b0098,13.24375
2024-12-19 02:31:38.618478,0x433acb14,13.265
2024-12-19 02:33:02.289920,0x433ad35c,13.29625
2024-12-19 02:34:26.523231,0x433abf20,13.255
2024-12-19 02:36:23.833455,0x433aafcc,13.26625
2024-12-19 02:36:38.260737,0x433acb14,13.2625
2024-12-19 02:37:29.586468,0x433aad0c,13.26
2024-12-19 02:39:26.295141,0x433abf20,13.26
2024-12-19 02:41:24.181980,0x433aafcc,13.26875
2024-12-19 02:41:38.574894,0x433b0098,13.2
2024-12-19 02:41:42.725430,0x433acb14,13.26375
2024-12-19 02:43:05.478329,0x433ad35c,13.2975
2024-12-19 02:44:28.504267,0x433abf20,13.25625
2024-12-19 02:46:26.194706,0x433aafcc,13.26625
2024-12-19 02:46:39.653386,0x433acb14,13.2675
2024-12-19 02:47:32.311534,0x433aad0c,13.26
2024-12-19 02:49:28.723331,0x433abf20,13.2575
2024-12-19 02:51:28.262016,0x433aafcc,13.2675
2024-12-19 02:51:39.935327,0x433b0098,13.24375
2024-12-19 02:51:43.891634,0x433acb14,13.26625
2024-12-19 02:53:06.220913,0x433ad35c,13.29
2024-12-19 02:54:31.483374,0x433abf20,13.2575
2024-12-19 02:56:28.054016,0x433aafcc,13.26875
2024-12-19 02:56:43.366015,0x433acb14,13.2625
2024-12-19 02:57:33.904168,0x433aad0c,13.26125
2024-12-19 02:59:31.248774,0x433abf20,13.26
2024-12-19 03:01:29.315335,0x433aafcc,13.2675
2024-12-19 03:01:40.622542,0x433b0098,13.245
2024-12-19 03:01:43.592159,0x433acb14,13.265
2024-12-19 03:03:09.275627,0x433ad35c,13.2925
2024-12-19 03:04:33.633121,0x433abf20,13.26
2024-12-19 03:06:30.572292,0x433aafcc,13.2675
2024-12-19 03:06:44.327922,0x433acb14,13.265
2024-12-19 03:07:37.830023,0x433aad0c,13.2625
2024-12-19 03:09:33.766720,0x433abf20,13.26125
2024-12-19 03:11:32.612973,0x433aafcc,13.26875
2024-12-19 03:11:47.130756,0x433b0098,13.24375
2024-12-19 03:11:49.475454,0x433acb14,13.26375
2024-12-19 03:13:11.935661,0x433ad35c,13.29625
2024-12-19 03:14:35.863591,0x433abf20,13.255
2024-12-19 03:16:33.946107,0x433aafcc,13.2675
2024-12-19 03:16:47.729316,0x433acb14,13.2625
2024-12-19 03:17:44.667973,0x433aad0c,13.2575
2024-12-19 03:19:37.752859,0x433abf20,13.25875
2024-12-19 03:21:34.330986,0x433aafcc,13.265
2024-12-19 03:21:44.246433,0x433b0098,13.2475
2024-12-19 03:21:50.121980,0x433acb14,13.26375
2024-12-19 03:23:14.263283,0x433ad35c,13.29125
2024-12-19 03:24:38.837276,0x433abf20,13.255
2024-12-19 03:26:36.109397,0x433aafcc,13.2675
2024-12-19 03:26:53.959744,0x433acb14,13.2625
2024-12-19 03:27:41.862584,0x433aad0c,13.26
2024-12-19 03:29:40.335087,0x433abf20,13.26
2024-12-19 03:31:38.278052,0x433aafcc,13.26625
2024-12-19 03:31:47.366532,0x433b0098,13.23875
2024-12-19 03:31:52.058508,0x433acb14,13.26125
2024-12-19 03:33:16.579603,0x433ad35c,13.2925
2024-12-19 03:34:42.701203,0x433abf20,13.26
2024-12-19 03:36:38.137721,0x433aafcc,13.26625
2024-12-19 03:36:52.995061,0x433acb14,13.2625
2024-12-19 03:37:46.659549,0x433aad0c,13.2575
2024-12-19 03:39:41.377168,0x433abf20,13.26
2024-12-19 03:41:43.593449,0x433aafcc,13.26875
2024-12-19 03:41:49.823883,0x433b0098,13.2375
2024-12-19 03:41:56.044695,0x433acb14,13.26
2024-12-19 03:43:24.542662,0x433ad35c,13.29125
2024-12-19 03:44:44.733952,0x433abf20,13.2575
2024-12-19 03:46:41.568299,0x433aafcc,13.26875
2024-12-19 03:46:57.073835,0x433acb14,13.2625
2024-12-19 03:47:47.902230,0x433aad0c,13.23375
2024-12-19 03:49:46.290112,0x433abf20,13.26125
2024-12-19 03:51:42.688475,0x433aafcc,13.2675
2024-12-19 03:51:52.208478,0x433b0098,13.24375
2024-12-19 03:51:58.076030,0x433acb14,13.2625
2024-12-19 03:53:22.730812,0x433ad35c,13.2925
2024-12-19 03:54:46.247526,0x433abf20,13.26
2024-12-19 03:56:43.223440,0x433aafcc,13.26625
2024-12-19 03:56:58.742775,0x433acb14,13.265
2024-12-19 03:57:54.979683,0x433aad0c,13.26
2024-12-19 03:59:48.233367,0x433abf20,13.255
2024-12-19 04:01:45.021386,0x433aafcc,13.26625
2024-12-19 04:01:53.472000,0x433b0098,13.245
2024-12-19 04:02:02.769939,0x433acb14,13.265
2024-12-19 04:03:24.882027,0x433ad35c,13.2925
2024-12-19 04:04:48.100003,0x433abf20,13.25625
2024-12-19 04:06:45.729995,0x433aafcc,13.26625
2024-12-19 04:07:04.743107,0x433acb14,13.265
2024-12-19 04:07:57.310726,0x433aad0c,13.26125
2024-12-19 04:09:49.223714,0x433abf20,13.25875
2024-12-19 04:11:46.981448,0x433aafcc,13.26375
2024-12-19 04:11:56.831319,0x433b0098,13.24
2024-12-19 04:12:10.855942,0x433acb14,13.26625
2024-12-19 04:13:26.880457,0x433ad35c,13.29375
2024-12-19 04:14:49.982868,0x433abf20,13.2575
2024-12-19 04:16:48.949446,0x433aafcc,13.26375
2024-12-19 04:17:09.087722,0x433acb14,13.26375
2024-12-19 04:17:56.199452,0x433aad0c,13.2575
2024-12-19 04:19:52.591483,0x433abf20,13.2575
2024-12-19 04:21:50.148152,0x433aafcc,13.26625
2024-12-19 04:21:59.570323,0x433b0098,13.24375
2024-12-19 04:22:07.481861,0x433acb14,13.265
2024-12-19 04:23:30.799371,0x433ad35c,13.2925
2024-12-19 04:24:53.976262,0x433abf20,13.26
2024-12-19 04:26:51.471857,0x433aafcc,13.26375
2024-12-19 04:27:08.708516,0x433acb14,13.26375
2024-12-19 04:27:58.344166,0x433aad0c,13.2575
2024-12-19 04:29:53.919841,0x433abf20,13.26
2024-12-19 04:31:53.640710,0x433aafcc,13.26375
2024-12-19 04:32:03.345096,0x433b0098,13.23625
2024-12-19 04:32:13.012767,0x433acb14,13.265
2024-12-19 04:33:31.792734,0x433ad35c,13.2925
2024-12-19 04:34:56.812445,0x433abf20,13.26
2024-12-19 04:36:54.676280,0x433aafcc,13.265
2024-12-19 04:37:09.672602,0x433acb14,13.26375
2024-12-19 04:38:02.569978,0x433aad0c,13.26
2024-12-19 04:39:58.886263,0x433abf20,13.26
2024-12-19 04:41:54.576618,0x433aafcc,13.26375
2024-12-19 04:42:05.582260,0x433b0098,13.24375
2024-12-19 04:42:15.512019,0x433acb14,13.26625
2024-12-19 04:43:34.993857,0x433ad35c,13.2925
2024-12-19 04:45:00.501692,0x433abf20,13.2625
2024-12-19 04:46:57.430682,0x433aafcc,13.26625
2024-12-19 04:47:13.915923,0x433acb14,13.2625
2024-12-19 04:48:04.225465,0x433aad0c,13.2575
2024-12-19 04:50:00.363864,0x433abf20,13.255
2024-12-19 04:51:57.489028,0x433aafcc,13.265
2024-12-19 04:52:09.432563,0x433b0098,13.23625
2024-12-19 04:52:19.322856,0x433acb14,13.26375
2024-12-19 04:53:37.492694,0x433ad35c,13.2925
2024-12-19 04:55:02.980072,0x433abf20,13.26
2024-12-19 04:56:58.752605,0x433aafcc,13.26375
2024-12-19 04:57:16.837997,0x433acb14,13.2375
2024-12-19 04:58:08.379648,0x433aad0c,13.255
2024-12-19 05:00:03.311934,0x433abf20,13.25625
2024-12-19 05:02:00.838730,0x433aafcc,13.265
2024-12-19 05:02:13.701788,0x433b0098,13.24
2024-12-19 05:02:16.870145,0x433acb14,13.265
2024-12-19 05:03:39.216170,0x433ad35c,13.2925
2024-12-19 05:05:04.142934,0x433abf20,13.26
2024-12-19 05:07:01.829369,0x433aafcc,13.26125
2024-12-19 05:07:21.596355,0x433acb14,13.2625
2024-12-19 05:08:10.479114,0x433aad0c,13.25375
2024-12-19 05:10:05.570517,0x433abf20,13.25625
2024-12-19 05:12:08.115038,0x433aafcc,13.26375
2024-12-19 05:12:11.314172,0x433b0098,13.2375
2024-12-19 05:12:19.703370,0x433acb14,13.26375
2024-12-19 05:13:41.626971,0x433ad35c,13.2825
2024-12-19 05:15:06.197763,0x433abf20,13.26125
2024-12-19 05:17:05.598497,0x433aafcc,13.26375
2024-12-19 05:17:26.528258,0x433acb14,13.2625
2024-12-19 05:18:19.040979,0x433aad0c,13.26
2024-12-19 05:20:07.858738,0x433abf20,13.26
2024-12-19 05:22:06.556576,0x433aafcc,13.265
2024-12-19 05:22:14.202651,0x433b0098,13.24
2024-12-19 05:22:26.909748,0x433acb14,13.25875
2024-12-19 05:23:47.521598,0x433ad35c,13.29125
2024-12-19 05:25:12.501468,0x433abf20,13.25875
2024-12-19 05:27:07.618119,0x433aafcc,13.26625
2024-12-19 05:27:25.715565,0x433acb14,13.26
2024-12-19 05:28:17.051563,0x433aad0c,13.26
2024-12-19 05:30:14.429472,0x433abf20,13.2575
2024-12-19 05:32:09.262773,0x433aafcc,13.26375
2024-12-19 05:32:14.150628,0x433b0098,13.23625
2024-12-19 05:32:25.968075,0x433acb14,13.265
2024-12-19 05:33:48.102428,0x433ad35c,13.2925
2024-12-19 05:35:14.162767,0x433abf20,13.25875
2024-12-19 05:37:10.098941,0x433aafcc,13.265
2024-12-19 05:37:27.923489,0x433acb14,13.26125
2024-12-19 05:38:21.256031,0x433aad0c,13.25875
2024-12-19 05:40:13.820947,0x433abf20,13.25875
2024-12-19 05:42:11.047287,0x433aafcc,13.2625
2024-12-19 05:42:20.765630,0x433b0098,13.23625
2024-12-19 05:42:31.830584,0x433acb14,13.26625
2024-12-19 05:43:51.213252,0x433ad35c,13.28875
2024-12-19 05:45:17.316453,0x433abf20,13.2575
2024-12-19 05:47:12.596999,0x433aafcc,13.24
2024-12-19 05:47:29.756181,0x433acb14,13.26375
2024-12-19 05:48:24.940624,0x433aad0c,13.2575
2024-12-19 05:50:16.819583,0x433abf20,13.26
2024-12-19 05:52:13.591498,0x433aafcc,13.26375
2024-12-19 05:52:31.317194,0x433acb14,13.26375
2024-12-19 05:52:35.819442,0x433b0098,13.2375
2024-12-19 05:53:52.836898,0x433ad35c,13.28875
2024-12-19 05:55:21.608043,0x433abf20,13.25875
2024-12-19 05:57:16.100781,0x433aafcc,13.265
2024-12-19 05:57:35.327820,0x433acb14,13.26375
2024-12-19 05:58:26.541578,0x433aad0c,13.235
2024-12-19 06:00:21.107491,0x433abf20,13.25625
2024-12-19 06:02:16.299211,0x433aafcc,13.24125
2024-12-19 06:02:21.177402,0x433b0098,13.24625
2024-12-19 06:02:35.095428,0x433acb14,13.2625
2024-12-19 06:03:54.672244,0x433ad35c,13.28875
2024-12-19 06:05:19.989759,0x433abf20,13.26125
2024-12-19 06:07:17.982199,0x433aafcc,13.265
2024-12-19 06:07:37.019920,0x433acb14,13.26125
2024-12-19 06:08:26.391129,0x433aad0c,13.26
2024-12-19 06:10:24.181709,0x433abf20,13.25125
2024-12-19 06:12:18.911685,0x433aafcc,13.26375
2024-12-19 06:12:29.994026,0x433b0098,13.24125
2024-12-19 06:12:38.448713,0x433acb14,13.26
2024-12-19 06:13:57.181828,0x433ad35c,13.29
2024-12-19 06:15:23.986969,0x433abf20,13.26
2024-12-19 06:17:22.535534,0x433aafcc,13.26125
2024-12-19 06:17:38.323187,0x433acb14,13.2625
2024-12-19 06:18:31.473764,0x433aad0c,13.26
2024-12-19 06:20:26.114764,0x433abf20,13.26
2024-12-19 06:22:23.587293,0x433aafcc,13.2625
2024-12-19 06:22:33.414809,0x433b0098,13.24375
2024-12-19 06:22:38.928627,0x433acb14,13.26
2024-12-19 06:24:01.285278,0x433ad35c,13.29
2024-12-19 06:25:27.150340,0x433abf20,13.26
2024-12-19 06:27:25.602555,0x433aafcc,13.26125
2024-12-19 06:27:41.380529,0x433acb14,13.26125
2024-12-19 06:28:32.299499,0x433aad0c,13.255
2024-12-19 06:30:27.728493,0x433abf20,13.25625
2024-12-19 06:32:25.815021,0x433aafcc,13.26125
2024-12-19 06:32:28.193710,0x433b0098,13.245
2024-12-19 06:32:42.521248,0x433acb14,13.26125
2024-12-19 06:34:03.743723,0x433ad35c,13.28875
2024-12-19 06:35:28.267984,0x433abf20,13.26125
2024-12-19 06:37:29.059430,0x433aafcc,13.2625
2024-12-19 06:37:44.556301,0x433acb14,13.26125
2024-12-19 06:38:35.829761,0x433aad0c,13.26
2024-12-19 06:40:26.934328,0x433abf20,13.25625
2024-12-19 06:42:27.674383,0x433aafcc,13.2625
2024-12-19 06:42:31.033749,0x433b0098,13.24375
2024-12-19 06:42:47.012119,0x433acb14,13.25875
2024-12-19 06:44:05.654602,0x433ad35c,13.29
2024-12-19 06:45:28.707469,0x433abf20,13.2575
2024-12-19 06:47:31.723334,0x433aafcc,13.265
2024-12-19 06:47:50.000684,0x433acb14,13.25875
2024-12-19 06:48:37.785123,0x433aad0c,13.26125
2024-12-19 06:50:28.708716,0x433abf20,13.2575
2024-12-19 06:52:33.545739,0x433b0098,13.24375
2024-12-19 06:52:37.368231,0x433aafcc,13.265
2024-12-19 06:52:49.987081,0x433acb14,13.26
2024-12-19 06:54:08.795519,0x433ad35c,13.29
2024-12-19 06:55:29.487314,0x433abf20,13.26
2024-12-19 06:57:31.889795,0x433aafcc,13.2625
2024-12-19 06:57:49.680546,0x433acb14,13.26375
2024-12-19 06:58:40.444720,0x433aad0c,13.255
2024-12-19 07:00:31.297172,0x433abf20,13.26125
2024-12-19 07:02:34.926963,0x433aafcc,13.265
2024-12-19 07:02:37.265999,0x433b0098,13.24
2024-12-19 07:02:49.639617,0x433acb14,13.2625
2024-12-19 07:04:10.768014,0x433ad35c,13.2875
2024-12-19 07:05:32.400698,0x433abf20,13.255
2024-12-19 07:07:37.546515,0x433aafcc,13.26125
2024-12-19 07:07:50.909418,0x433acb14,13.26125
2024-12-19 07:08:44.324198,0x433aad0c,13.25625
2024-12-19 07:10:33.589945,0x433abf20,13.25625
2024-12-19 07:12:35.956905,0x433aafcc,13.26375
2024-12-19 07:12:39.310612,0x433b0098,13.23625
2024-12-19 07:12:53.652435,0x433acb14,13.265
2024-12-19 07:14:12.480698,0x433ad35c,13.28625
2024-12-19 07:15:33.581621,0x433abf20,13.25875
2024-12-19 07:17:37.289985,0x433aafcc,13.26375
2024-12-19 07:17:55.572303,0x433acb14,13.25625
2024-12-19 07:18:45.961194,0x433aad0c,13.25625
2024-12-19 07:20:35.089234,0x433abf20,13.25625
2024-12-19 07:22:38.941704,0x433b0098,13.24375
2024-12-19 07:22:42.114092,0x433aafcc,13.26375
2024-12-19 07:22:54.998255,0x433acb14,13.265
2024-12-19 07:24:16.186869,0x433ad35c,13.28625
2024-12-19 07:25:35.085965,0x433abf20,13.25625
2024-12-19 07:27:40.642158,0x433aafcc,13.2625
2024-12-19 07:27:57.200230,0x433acb14,13.2625
2024-12-19 07:28:49.259586,0x433aad0c,13.26125
2024-12-19 07:30:36.094445,0x433abf20,13.2575
2024-12-19 07:32:42.019118,0x433b0098,13.2425
2024-12-19 07:32:44.948309,0x433aafcc,13.265
2024-12-19 07:32:58.001348,0x433acb14,13.26
2024-12-19 07:34:18.005612,0x433ad35c,13.28875
2024-12-19 07:35:36.332051,0x433abf20,13.2625
2024-12-19 07:37:43.622105,0x433aafcc,13.25625
2024-12-19 07:37:59.434027,0x433acb14,13.26
2024-12-19 07:38:51.015693,0x433aad0c,13.26125
2024-12-19 07:40:36.907864,0x433abf20,13.26125
2024-12-19 07:42:42.103990,0x433b0098,13.24125
2024-12-19 07:42:44.790815,0x433aafcc,13.2625
2024-12-19 07:43:00.023898,0x433acb14,13.2625
2024-12-19 07:44:20.358375,0x433ad35c,13.28875
2024-12-19 07:45:38.241554,0x433abf20,13.25875
2024-12-19 07:47:45.581045,0x433aafcc,13.26375
2024-12-19 07:48:02.157363,0x433acb14,13.26375
2024-12-19 07:48:53.525925,0x433aad0c,13.26125
2024-12-19 07:50:38.142742,0x433abf20,13.26125
2024-12-19 07:52:47.992514,0x433aafcc,13.2625
2024-12-19 07:52:52.804858,0x433b0098,13.24
2024-12-19 07:53:03.329285,0x433acb14,13.26125
2024-12-19 07:54:28.533920,0x433ad35c,13.28625
2024-12-19 07:55:44.103283,0x433abf20,13.26
2024-12-19 07:57:48.253718,0x433aafcc,13.2625
2024-12-19 07:58:05.166723,0x433acb14,13.2625
2024-12-19 07:58:56.218104,0x433aad0c,13.26125
2024-12-19 08:00:40.019699,0x433abf20,13.255
2024-12-19 08:02:45.273840,0x433b0098,13.24375
2024-12-19 08:02:49.673904,0x433aafcc,13.26125
2024-12-19 08:03:05.208455,0x433acb14,13.265
2024-12-19 08:04:27.785341,0x433ad35c,13.285
2024-12-19 08:05:40.924507,0x433abf20,13.26
2024-12-19 08:07:55.003739,0x433aafcc,13.26125
2024-12-19 08:08:06.896305,0x433acb14,13.26375
2024-12-19 08:08:58.649934,0x433aad0c,13.25625
2024-12-19 08:10:44.811075,0x433abf20,13.2575
2024-12-19 08:12:47.317489,0x433b0098,13.22875
2024-12-19 08:12:53.858117,0x433aafcc,13.26375
2024-12-19 08:13:08.301484,0x433acb14,13.26
2024-12-19 08:14:29.494089,0x433ad35c,13.285
2024-12-19 08:15:42.853855,0x433abf20,13.25875
2024-12-19 08:17:53.891950,0x433aafcc,13.2625
2024-12-19 08:18:09.958085,0x433acb14,13.26125
2024-12-19 08:19:02.129494,0x433aad0c,13.26125
2024-12-19 08:20:44.776112,0x433abf20,13.25625
2024-12-19 08:22:48.643259,0x433b0098,13.22625
2024-12-19 08:22:56.539508,0x433aafcc,13.2625
2024-12-19 08:23:11.258882,0x433acb14,13.26125
2024-12-19 08:24:32.770788,0x433ad35c,13.29
2024-12-19 08:25:45.494868,0x433abf20,13.26
2024-12-19 08:27:56.408335,0x433aafcc,13.26
2024-12-19 08:28:12.887664,0x433acb14,13.26
2024-12-19 08:29:04.102537,0x433aad0c,13.25625
2024-12-19 08:30:45.633960,0x433abf20,13.26125
2024-12-19 08:32:49.714487,0x433b0098,13.235
2024-12-19 08:32:57.685417,0x433aafcc,13.26
2024-12-19 08:33:15.831422,0x433acb14,13.25625
2024-12-19 08:34:33.879386,0x433ad35c,13.285
2024-12-19 08:35:49.558327,0x433abf20,13.26
2024-12-19 08:37:59.734037,0x433aafcc,13.2625
2024-12-19 08:38:14.998060,0x433acb14,13.25875
2024-12-19 08:39:07.555138,0x433aad0c,13.25625
2024-12-19 08:40:47.364424,0x433abf20,13.2625
2024-12-19 08:42:53.483197,0x433b0098,13.24375
2024-12-19 08:43:00.209187,0x433aafcc,13.2625
2024-12-19 08:43:18.507054,0x433acb14,13.26125
2024-12-19 08:44:36.936012,0x433ad35c,13.28875
2024-12-19 08:45:49.088092,0x433abf20,13.2575
2024-12-19 08:48:03.083368,0x433aafcc,13.25875
2024-12-19 08:48:17.693271,0x433acb14,13.26375
2024-12-19 08:49:10.251829,0x433aad0c,13.2575
2024-12-19 08:50:49.724697,0x433abf20,13.26125
2024-12-19 08:52:54.482294,0x433b0098,13.24
2024-12-19 08:53:02.751327,0x433aafcc,13.26125
2024-12-19 08:53:20.678544,0x433acb14,13.26
2024-12-19 08:54:40.069360,0x433ad35c,13.28875
2024-12-19 08:55:51.309049,0x433abf20,13.2625
2024-12-19 08:58:04.012875,0x433aafcc,13.26
2024-12-19 08:58:20.413377,0x433acb14,13.26125
2024-12-19 08:59:12.800210,0x433aad0c,13.26125
2024-12-19 09:00:50.680880,0x433abf20,13.2575
2024-12-19 09:02:55.776813,0x433b0098,13.24625
2024-12-19 09:03:05.277692,0x433aafcc,13.26375
2024-12-19 09:03:21.890884,0x433acb14,13.26625
2024-12-19 09:04:41.762946,0x433ad35c,13.28875
2024-12-19 09:05:51.719398,0x433abf20,13.26375
2024-12-19 09:08:09.855627,0x433aafcc,13.2625
2024-12-19 09:08:23.172072,0x433acb14,13.2675
2024-12-19 09:09:21.386890,0x433aad0c,13.255
2024-12-19 09:10:53.939089,0x433abf20,13.26375
2024-12-19 09:12:56.561518,0x433b0098,13.24125
2024-12-19 09:13:09.234154,0x433aafcc,13.2575
2024-12-19 09:13:26.891702,0x433acb14,13.265
2024-12-19 09:14:45.907185,0x433ad35c,13.28625
2024-12-19 09:15:54.116100,0x433abf20,13.2625
2024-12-19 09:18:09.055082,0x433aafcc,13.2625
2024-12-19 09:18:27.921809,0x433acb14,13.26625
2024-12-19 09:19:19.759182,0x433aad0c,13.2575
2024-12-19 09:20:55.470920,0x433abf20,13.26
2024-12-19 09:22:58.373543,0x433b0098,13.23875
2024-12-19 09:23:11.215054,0x433aafcc,13.26375
2024-12-19 09:23:35.204562,0x433acb14,13.26125
2024-12-19 09:24:47.293276,0x433ad35c,13.29
2024-12-19 09:25:54.769573,0x433abf20,13.2625
2024-12-19 09:28:11.565996,0x433aafcc,13.265
2024-12-19 09:28:28.322375,0x433acb14,13.24125
2024-12-19 09:29:21.748148,0x433aad0c,13.26125
2024-12-19 09:30:56.528672,0x433abf20,13.26125
2024-12-19 09:33:01.942748,0x433b0098,13.24125
2024-12-19 09:33:15.116688,0x433aafcc,13.26125
2024-12-19 09:33:30.685078,0x433acb14,13.265
2024-12-19 09:34:50.030688,0x433ad35c,13.29
2024-12-19 09:35:57.006488,0x433abf20,13.26375
2024-12-19 09:38:16.128301,0x433aafcc,13.26125
2024-12-19 09:38:31.396599,0x433acb14,13.265
2024-12-19 09:39:23.446266,0x433aad0c,13.255
2024-12-19 09:40:58.848402,0x433abf20,13.2625
2024-12-19 09:43:01.910288,0x433b0098,13.24
2024-12-19 09:43:15.526421,0x433aafcc,13.26375
2024-12-19 09:43:34.159083,0x433acb14,13.265
2024-12-19 09:44:51.913671,0x433ad35c,13.29
2024-12-19 09:45:59.109094,0x433abf20,13.26625
2024-12-19 09:47:39.966344,0x433bc2b0,13.33875
2024-12-19 09:48:05.389414,0x433bc2b0,13.31625
2024-12-19 09:48:18.033844,0x433aafcc,13.26375
2024-12-19 09:48:35.490147,0x433acb14,13.27
2024-12-19 09:49:27.775658,0x433aad0c,13.26
2024-12-19 09:51:00.764802,0x433abf20,13.265
2024-12-19 09:53:03.453355,0x433b0098,13.24875
2024-12-19 09:53:18.112437,0x433aafcc,13.2625
2024-12-19 09:53:37.522609,0x433acb14,13.2675
2024-12-19 09:54:55.197493,0x433ad35c,13.2875
2024-12-19 09:56:00.359742,0x433abf20,13.265
2024-12-19 09:58:05.740055,0x433bc2b0,13.3125
2024-12-19 09:58:21.375264,0x433aafcc,13.24125
2024-12-19 09:58:38.576442,0x433acb14,13.27
2024-12-19 09:59:35.406246,0x433aad0c,13.25875
2024-12-19 10:01:01.280841,0x433abf20,13.2575
2024-12-19 10:03:03.935910,0x433b0098,13.24875
2024-12-19 10:03:21.346310,0x433aafcc,13.26375
2024-12-19 10:03:40.300828,0x433acb14,13.26875
2024-12-19 10:04:57.900883,0x433ad35c,13.2875
2024-12-19 10:06:01.529991,0x433abf20,13.2675
2024-12-19 10:08:06.152784,0x433bc2b0,13.3075
2024-12-19 10:08:22.759587,0x433aafcc,13.26375
2024-12-19 10:08:42.812733,0x433acb14,13.27125
2024-12-19 10:09:33.719895,0x433aad0c,13.2625
2024-12-19 10:10:25.310131,0x433bc2b0,13.27
2024-12-19 10:11:04.481644,0x433abf20,13.265
2024-12-19 10:13:04.222895,0x433b0098,13.24375
2024-12-19 10:13:25.000024,0x433aafcc,13.26375
2024-12-19 10:13:41.795601,0x433acb14,13.2725
2024-12-19 10:15:00.186529,0x433ad35c,13.29125
2024-12-19 10:16:02.430338,0x433abf20,13.27
2024-12-19 10:18:26.594964,0x433aafcc,13.265
2024-12-19 10:18:44.622489,0x433acb14,13.27125
2024-12-19 10:19:36.482774,0x433aad0c,13.26125
2024-12-19 10:20:18.882480,0x433bc2b0,13.24375
2024-12-19 10:21:03.894767,0x433abf20,13.26625
2024-12-19 10:23:05.709225,0x433b0098,13.2525
2024-12-19 10:23:28.513606,0x433aafcc,13.26625
2024-12-19 10:23:44.125058,0x433acb14,13.26625
2024-12-19 10:25:06.884521,0x433ad35c,13.2825
2024-12-19 10:26:04.257232,0x433abf20,13.2675
2024-12-19 10:28:30.487217,0x433aafcc,13.26375
2024-12-19 10:28:47.025068,0x433acb14,13.2725
2024-12-19 10:29:38.567981,0x433aad0c,13.26125
2024-12-19 10:30:19.110042,0x433bc2b0,13.25375
2024-12-19 10:31:05.031508,0x433abf20,13.26875
2024-12-19 10:33:07.984744,0x433b0098,13.24375
2024-12-19 10:33:29.426767,0x433aafcc,13.2675
2024-12-19 10:33:47.341218,0x433acb14,13.27375
2024-12-19 10:35:07.303779,0x433ad35c,13.28875
2024-12-19 10:36:05.031860,0x433abf20,13.2475
2024-12-19 10:38:32.450232,0x433aafcc,13.26625
2024-12-19 10:38:50.494883,0x433acb14,13.2725
2024-12-19 10:39:41.066740,0x433aad0c,13.26125
2024-12-19 10:40:20.550321,0x433bc2b0,13.1475
2024-12-19 10:41:05.692415,0x433abf20,13.27125
2024-12-19 10:43:08.708850,0x433b0098,13.2375
2024-12-19 10:43:33.148932,0x433aafcc,13.265
2024-12-19 10:43:51.132283,0x433acb14,13.2725
2024-12-19 10:45:08.514077,0x433ad35c,13.29
2024-12-19 10:46:06.069740,0x433abf20,13.25
2024-12-19 10:48:34.626617,0x433aafcc,13.265
2024-12-19 10:48:50.643953,0x433acb14,13.27
2024-12-19 10:49:43.825170,0x433aad0c,13.26
2024-12-19 10:50:24.783408,0x433bc2b0,13.2
2024-12-19 10:51:05.926378,0x433abf20,13.27375
2024-12-19 10:53:08.608059,0x433b0098,13.2525
2024-12-19 10:53:35.238952,0x433aafcc,13.2675
2024-12-19 10:53:52.229968,0x433acb14,13.27
2024-12-19 10:55:14.474291,0x433ad35c,13.29
2024-12-19 10:56:06.101543,0x433abf20,13.27625
2024-12-19 10:58:36.366163,0x433aafcc,13.27
2024-12-19 10:58:52.568232,0x433acb14,13.27125
2024-12-19 10:59:45.501792,0x433aad0c,13.25875
2024-12-19 11:00:24.343685,0x433bc2b0,13.2025
2024-12-19 11:01:06.210324,0x433abf20,13.27625
2024-12-19 11:03:10.266121,0x433b0098,13.25
2024-12-19 11:03:39.616692,0x433aafcc,13.27
2024-12-19 11:03:54.964718,0x433acb14,13.27375
2024-12-19 11:05:14.403629,0x433ad35c,13.29
2024-12-19 11:06:06.515539,0x433abf20,13.2775
2024-12-19 11:08:40.141283,0x433aafcc,13.27
2024-12-19 11:08:55.093063,0x433acb14,13.27375
2024-12-19 11:09:48.021475,0x433aad0c,13.26
2024-12-19 11:10:29.382114,0x433bc2b0,13.20125
2024-12-19 11:11:06.628757,0x433abf20,13.27875
2024-12-19 11:13:12.603492,0x433b0098,13.2375
2024-12-19 11:13:40.830686,0x433aafcc,13.26875
2024-12-19 11:13:56.240373,0x433acb14,13.27
2024-12-19 11:15:17.640978,0x433ad35c,13.2925
2024-12-19 11:16:07.066777,0x433abf20,13.27375
2024-12-19 11:18:43.486275,0x433aafcc,13.265
2024-12-19 11:18:58.445313,0x433acb14,13.27375
2024-12-19 11:19:52.940940,0x433aad0c,13.2575
2024-12-19 11:20:29.977138,0x433bc2b0,13.19375
2024-12-19 11:21:07.374637,0x433abf20,13.275
2024-12-19 11:23:11.342311,0x433b0098,13.2475
2024-12-19 11:23:43.625499,0x433aafcc,13.2725
2024-12-19 11:23:59.980203,0x433acb14,13.2725
2024-12-19 11:25:21.031276,0x433ad35c,13.2925
2024-12-19 11:26:07.331654,0x433abf20,13.27625
2024-12-19 11:28:44.867949,0x433aafcc,13.2675
2024-12-19 11:29:00.809329,0x433acb14,13.2775
2024-12-19 11:29:54.606245,0x433aad0c,13.2625
2024-12-19 11:30:31.461038,0x433bc2b0,13.18
2024-12-19 11:31:07.575971,0x433abf20,13.27875
2024-12-19 11:33:11.404786,0x433b0098,13.25
2024-12-19 11:33:47.615565,0x433aafcc,13.2725
2024-12-19 11:34:01.919858,0x433acb14,13.27375
2024-12-19 11:35:22.083709,0x433ad35c,13.29
2024-12-19 11:36:07.844471,0x433abf20,13.27625
2024-12-19 11:38:46.827579,0x433aafcc,13.27
2024-12-19 11:39:03.448533,0x433acb14,13.275
2024-12-19 11:39:56.170073,0x433aad0c,13.26
2024-12-19 11:40:34.781215,0x433bc2b0,13.19375
2024-12-19 11:41:08.449184,0x433abf20,13.2775
2024-12-19 11:43:14.850384,0x433b0098,13.25
2024-12-19 11:43:49.361598,0x433aafcc,13.2725
2024-12-19 11:44:04.955017,0x433acb14,13.275
2024-12-19 11:45:25.018882,0x433ad35c,13.28625
2024-12-19 11:46:08.419039,0x433abf20,13.28
2024-12-19 11:48:50.576174,0x433aafcc,13.27
2024-12-19 11:49:06.174286,0x433acb14,13.2775
2024-12-19 11:49:59.194075,0x433aad0c,13.25875
2024-12-19 11:50:41.531922,0x433bc2b0,13.19125
2024-12-19 11:51:08.580086,0x433abf20,13.28125
2024-12-19 11:53:12.424266,0x433b0098,13.255
2024-12-19 11:53:52.384260,0x433aafcc,13.2725
2024-12-19 11:54:07.849350,0x433acb14,13.27875
2024-12-19 11:55:28.027685,0x433ad35c,13.29125
2024-12-19 11:56:09.908957,0x433abf20,13.28
2024-12-19 11:58:53.342850,0x433aafcc,13.2725
2024-12-19 11:59:07.669752,0x433acb14,13.27875
2024-12-19 12:00:01.029716,0x433aad0c,13.2625
2024-12-19 12:00:42.734941,0x433bc2b0,13.18375
2024-12-19 12:01:10.600902,0x433abf20,13.28
2024-12-19 12:03:15.335611,0x433b0098,13.25125
2024-12-19 12:03:54.582125,0x433aafcc,13.27375
2024-12-19 12:04:09.793631,0x433acb14,13.2775
2024-12-19 12:05:30.344200,0x433ad35c,13.2925
2024-12-19 12:06:10.128768,0x433abf20,13.285
2024-12-19 12:08:55.927781,0x433aafcc,13.27125
2024-12-19 12:09:12.738740,0x433acb14,13.27875
2024-12-19 12:10:04.493638,0x433aad0c,13.2625
2024-12-19 12:10:43.181267,0x433bc2b0,13.16
2024-12-19 12:11:10.639203,0x433abf20,13.28
2024-12-19 12:13:16.267830,0x433b0098,13.26125
2024-12-19 12:13:58.539136,0x433aafcc,13.2725
2024-12-19 12:14:11.764906,0x433acb14,13.28
2024-12-19 12:15:31.289151,0x433ad35c,13.29375
2024-12-19 12:16:11.859034,0x433abf20,13.26
2024-12-19 12:18:59.310214,0x433aafcc,13.27375
2024-12-19 12:19:14.651498,0x433acb14,13.27875
2024-12-19 12:20:06.233195,0x433aad0c,13.26625
2024-12-19 12:20:45.900465,0x433bc2b0,13.165
2024-12-19 12:21:12.783684,0x433abf20,13.28625
2024-12-19 12:23:19.894893,0x433b0098,13.26
2024-12-19 12:24:00.405267,0x433aafcc,13.27125
2024-12-19 12:24:19.298720,0x433acb14,13.27625
2024-12-19 12:25:33.801755,0x433ad35c,13.295
2024-12-19 12:26:12.744671,0x433abf20,13.2875
2024-12-19 12:29:01.755205,0x433aafcc,13.27625
2024-12-19 12:29:19.133503,0x433acb14,13.28125
2024-12-19 12:30:09.127659,0x433aad0c,13.26125
2024-12-19 12:30:47.600315,0x433bc2b0,13.1825
2024-12-19 12:31:14.733659,0x433abf20,13.285
2024-12-19 12:33:20.908499,0x433b0098,13.25875
2024-12-19 12:34:02.203881,0x433aafcc,13.27625
2024-12-19 12:34:20.738631,0x433acb14,13.28125
2024-12-19 12:35:38.249290,0x433ad35c,13.2925
2024-12-19 12:36:14.580976,0x433abf20,13.28625
2024-12-19 12:39:04.089077,0x433aafcc,13.275
2024-12-19 12:39:22.709847,0x433acb14,13.28125
2024-12-19 12:40:11.317379,0x433aad0c,13.26
2024-12-19 12:40:54.306349,0x433bc2b0,13.1875
2024-12-19 12:41:14.274941,0x433abf20,13.28625
2024-12-19 12:43:26.025985,0x433b0098,13.21375
2024-12-19 12:44:04.723228,0x433aafcc,13.27625
2024-12-19 12:44:21.704208,0x433acb14,13.27375
2024-12-19 12:45:41.771026,0x433ad35c,13.28875
2024-12-19 12:46:16.946922,0x433abf20,13.2825
2024-12-19 12:49:06.473812,0x433aafcc,13.2775
2024-12-19 12:49:25.866603,0x433acb14,13.28125
2024-12-19 12:50:15.370777,0x433aad0c,13.2675
2024-12-19 12:50:53.275136,0x433bc2b0,13.185
2024-12-19 12:51:16.417033,0x433abf20,13.28375
2024-12-19 12:53:19.954409,0x433b0098,13.255
2024-12-19 12:54:08.266211,0x433aafcc,13.275
2024-12-19 12:54:24.101044,0x433acb14,13.2775
2024-12-19 12:55:45.594899,0x433ad35c,13.295
2024-12-19 12:56:15.293535,0x433abf20,13.2825
2024-12-19 12:59:08.526904,0x433aafcc,13.27875
2024-12-19 12:59:24.526226,0x433acb14,13.28
2024-12-19 13:00:21.238251,0x433aad0c,13.265
2024-12-19 13:00:56.294883,0x433bc2b0,13.16875
2024-12-19 13:01:16.378837,0x433abf20,13.28625
2024-12-19 13:03:22.198062,0x433b0098,13.25625
2024-12-19 13:04:09.782629,0x433aafcc,13.27625
2024-12-19 13:04:26.684028,0x433acb14,13.27875
2024-12-19 13:05:45.868665,0x433ad35c,13.2925
2024-12-19 13:06:18.173176,0x433abf20,13.28875
2024-12-19 13:09:11.640201,0x433aafcc,13.27625
2024-12-19 13:09:28.952697,0x433acb14,13.27875
2024-12-19 13:10:21.042366,0x433aad0c,13.2675
2024-12-19 13:10:59.577461,0x433bc2b0,13.18
2024-12-19 13:11:17.211295,0x433abf20,13.29
2024-12-19 13:13:23.764912,0x433b0098,13.2575
2024-12-19 13:14:12.282956,0x433aafcc,13.2775
2024-12-19 13:14:28.341857,0x433acb14,13.28375
2024-12-19 13:15:49.286100,0x433ad35c,13.29125
2024-12-19 13:16:17.607195,0x433abf20,13.2875
2024-12-19 13:19:16.306085,0x433aafcc,13.27625
2024-12-19 13:19:29.612556,0x433acb14,13.28375
2024-12-19 13:20:24.471360,0x433aad0c,13.26375
2024-12-19 13:21:00.979327,0x433bc2b0,13.19125
2024-12-19 13:21:18.685045,0x433abf20,13.29
2024-12-19 13:23:29.260236,0x433b0098,13.265
2024-12-19 13:24:17.957264,0x433aafcc,13.27875
2024-12-19 13:24:31.170080,0x433acb14,13.2825
2024-12-19 13:25:51.309086,0x433ad35c,13.28875
2024-12-19 13:26:19.443523,0x433abf20,13.29
2024-12-19 13:29:16.337968,0x433aafcc,13.275
2024-12-19 13:29:35.425125,0x433acb14,13.285
2024-12-19 13:30:26.569353,0x433aad0c,13.26375
2024-12-19 13:31:02.814736,0x433bc2b0,13.11625
2024-12-19 13:31:22.998144,0x433abf20,13.28875
2024-12-19 13:33:25.892043,0x433b0098,13.2675
2024-12-19 13:34:18.431340,0x433aafcc,13.27875
2024-12-19 13:34:34.702696,0x433acb14,13.28375
2024-12-19 13:36:00.335122,0x433ad35c,13.2975
2024-12-19 13:36:20.879148,0x433abf20,13.28625
2024-12-19 13:39:19.371808,0x433aafcc,13.27875
2024-12-19 13:39:35.508817,0x433acb14,13.2825
2024-12-19 13:40:29.731288,0x433aad0c,13.27125
2024-12-19 13:41:06.168009,0x433bc2b0,13.16625
2024-12-19 13:41:22.405574,0x433abf20,13.29125
2024-12-19 13:43:26.553304,0x433b0098,13.26375
2024-12-19 13:44:23.165108,0x433aafcc,13.2775
2024-12-19 13:44:36.776935,0x433acb14,13.28375
2024-12-19 13:45:58.487242,0x433ad35c,13.2975
2024-12-19 13:46:22.279078,0x433abf20,13.29
2024-12-19 13:49:23.233134,0x433aafcc,13.28
2024-12-19 13:49:38.836997,0x433acb14,13.28375
2024-12-19 13:50:31.112729,0x433aad0c,13.26375
2024-12-19 13:51:08.932651,0x433bc2b0,13.15875
2024-12-19 13:51:22.052356,0x433abf20,13.2875
2024-12-19 13:53:26.567678,0x433b0098,13.25875
2024-12-19 13:54:25.653364,0x433aafcc,13.28
2024-12-19 13:54:41.223430,0x433acb14,13.28625
2024-12-19 13:56:01.415902,0x433ad35c,13.2975
2024-12-19 13:56:22.123738,0x433abf20,13.29
2024-12-19 13:59:25.626555,0x433aafcc,13.27875
2024-12-19 13:59:43.031597,0x433acb14,13.28375
2024-12-19 14:00:34.414109,0x433aad0c,13.26625
2024-12-19 14:01:11.189020,0x433bc2b0,13.15625
2024-12-19 14:01:23.238496,0x433abf20,13.26625
2024-12-19 14:03:28.698423,0x433b0098,13.26
2024-12-19 14:04:26.295894,0x433aafcc,13.27875
2024-12-19 14:04:42.985248,0x433acb14,13.28
2024-12-19 14:06:03.875784,0x433ad35c,13.2975
2024-12-19 14:06:24.351761,0x433abf20,13.2925
2024-12-19 14:09:28.264419,0x433aafcc,13.27875
2024-12-19 14:09:46.243722,0x433acb14,13.28125
2024-12-19 14:10:36.251537,0x433aad0c,13.26875
2024-12-19 14:11:14.579600,0x433bc2b0,13.15375
2024-12-19 14:11:23.887223,0x433abf20,13.2925
2024-12-19 14:13:31.784462,0x433b0098,13.2625
2024-12-19 14:14:32.625775,0x433aafcc,13.27875
2024-12-19 14:14:45.889348,0x433acb14,13.28625
2024-12-19 14:16:06.479127,0x433ad35c,13.29625
2024-12-19 14:16:23.774995,0x433abf20,13.29375
2024-12-19 14:19:30.437643,0x433aafcc,13.2825
2024-12-19 14:19:50.541917,0x433acb14,13.28125
2024-12-19 14:20:40.711909,0x433aad0c,13.26875
2024-12-19 14:21:19.606201,0x433bc2b0,13.1525
2024-12-19 14:21:26.176291,0x433abf20,13.29375
2024-12-19 14:23:30.742816,0x433b0098,13.2675
2024-12-19 14:24:31.771610,0x433aafcc,13.28125
2024-12-19 14:24:49.295277,0x433acb14,13.28375
2024-12-19 14:26:07.720022,0x433ad35c,13.3
2024-12-19 14:26:24.558046,0x433abf20,13.2925
2024-12-19 14:29:33.567744,0x433aafcc,13.28
2024-12-19 14:29:51.329847,0x433acb14,13.2825
2024-12-19 14:30:41.239396,0x433aad0c,13.27375
2024-12-19 14:31:19.308014,0x433bc2b0,13.16125
2024-12-19 14:31:27.385781,0x433abf20,13.29
2024-12-19 14:33:30.570684,0x433b0098,13.27
2024-12-19 14:34:35.742783,0x433aafcc,13.28125
2024-12-19 14:34:54.485838,0x433acb14,13.28125
2024-12-19 14:36:12.142142,0x433ad35c,13.29625
2024-12-19 14:36:27.512220,0x433abf20,13.29125
2024-12-19 14:39:37.451637,0x433aafcc,13.28375
2024-12-19 14:39:53.675460,0x433acb14,13.285
2024-12-19 14:40:53.358445,0x433aad0c,13.2775
2024-12-19 14:41:21.659483,0x433bc2b0,13.165
2024-12-19 14:41:25.816414,0x433abf20,13.2925
2024-12-19 14:43:34.293115,0x433b0098,13.26875
2024-12-19 14:44:37.520370,0x433aafcc,13.28125
2024-12-19 14:44:55.372705,0x433acb14,13.28375
2024-12-19 14:46:14.894441,0x433ad35c,13.295
2024-12-19 14:46:26.329384,0x433abf20,13.29
2024-12-19 14:49:39.493813,0x433aafcc,13.28375
2024-12-19 14:49:56.144882,0x433acb14,13.28375
2024-12-19 14:50:46.982219,0x433aad0c,13.27125
2024-12-19 14:51:23.613376,0x433bc2b0,13.16125
2024-12-19 14:51:26.807308,0x433abf20,13.29125
2024-12-19 14:53:33.009971,0x433b0098,13.26875
2024-12-19 14:54:41.187626,0x433aafcc,13.2825
2024-12-19 14:55:00.207898,0x433acb14,13.2825
2024-12-19 14:56:16.088976,0x433ad35c,13.2975
2024-12-19 14:56:27.281653,0x433abf20,13.29125
2024-12-19 14:59:52.364027,0x433aafcc,13.28375
2024-12-19 15:00:15.348455,0x433acb14,13.285
2024-12-19 15:00:52.587170,0x433aad0c,13.27125
2024-12-19 15:01:27.178050,0x433bc2b0,13.165
2024-12-19 15:01:29.588660,0x433abf20,13.29375
2024-12-19 15:03:33.536686,0x433b0098,13.26375
2024-12-19 15:04:43.814596,0x433aafcc,13.2825
2024-12-19 15:05:05.435258,0x433acb14,13.2575
2024-12-19 15:06:19.253652,0x433ad35c,13.2975
2024-12-19 15:06:27.548656,0x433abf20,13.295
2024-12-19 15:09:44.717323,0x433aafcc,13.2825
2024-12-19 15:10:01.606539,0x433acb14,13.2875
2024-12-19 15:10:57.290630,0x433aad0c,13.27875
2024-12-19 15:11:28.110370,0x433abf20,13.29375
2024-12-19 15:11:30.032602,0x433bc2b0,13.18125
2024-12-19 15:13:33.807509,0x433b0098,13.2675
2024-12-19 15:14:45.788811,0x433aafcc,13.285
2024-12-19 15:15:03.161807,0x433acb14,13.28875
2024-12-19 15:16:20.888120,0x433ad35c,13.30125
2024-12-19 15:16:28.216969,0x433abf20,13.29375
2024-12-19 15:19:48.592898,0x433aafcc,13.28375
2024-12-19 15:20:04.253763,0x433acb14,13.28625
2024-12-19 15:20:59.120468,0x433aad0c,13.27875
2024-12-19 15:21:28.536986,0x433abf20,13.2875
2024-12-19 15:21:32.026782,0x433bc2b0,13.165
2024-12-19 15:23:35.021228,0x433b0098,13.2725
2024-12-19 15:24:48.517109,0x433aafcc,13.28625
2024-12-19 15:25:04.490229,0x433acb14,13.285
2024-12-19 15:26:25.160934,0x433ad35c,13.2975
2024-12-19 15:26:29.886226,0x433abf20,13.29375
2024-12-19 15:29:54.476801,0x433aafcc,13.285
2024-12-19 15:30:07.974498,0x433acb14,13.28375
2024-12-19 15:31:00.789232,0x433aad0c,13.27875
2024-12-19 15:31:30.105997,0x433abf20,13.29125
2024-12-19 15:31:34.329025,0x433bc2b0,13.18125
2024-12-19 15:33:37.484005,0x433b0098,13.265
2024-12-19 15:34:52.754510,0x433aafcc,13.28375
2024-12-19 15:35:13.054172,0x433acb14,13.2825
2024-12-19 15:36:27.564783,0x433ad35c,13.30125
2024-12-19 15:36:32.351455,0x433abf20,13.295
2024-12-19 15:39:53.454059,0x433aafcc,13.26125
2024-12-19 15:40:08.642483,0x433acb14,13.28625
2024-12-19 15:41:02.699420,0x433aad0c,13.28
2024-12-19 15:41:30.767343,0x433abf20,13.29625
2024-12-19 15:41:36.932140,0x433bc2b0,13.15875
2024-12-19 15:43:36.094067,0x433b0098,13.2725
2024-12-19 15:44:54.134823,0x433aafcc,13.28625
2024-12-19 15:45:10.031931,0x433acb14,13.285
2024-12-19 15:46:29.807937,0x433ad35c,13.3
2024-12-19 15:46:33.038195,0x433abf20,13.2975
2024-12-19 15:49:56.011129,0x433aafcc,13.285
2024-12-19 15:50:15.330984,0x433acb14,13.2825
2024-12-19 15:51:05.608918,0x433aad0c,13.28
2024-12-19 15:51:30.787607,0x433abf20,13.26875
2024-12-19 15:51:41.553220,0x433bc2b0,13.17625
2024-12-19 15:53:36.933973,0x433b0098,13.27125
2024-12-19 15:54:57.534968,0x433aafcc,13.285
2024-12-19 15:55:16.282163,0x433acb14,13.28875
2024-12-19 15:56:31.102710,0x433abf20,13.27375
2024-12-19 15:56:35.255962,0x433ad35c,13.29875
2024-12-19 15:59:57.783750,0x433aafcc,13.28625
2024-12-19 16:00:21.521830,0x433acb14,13.2875
2024-12-19 16:01:07.570844,0x433aad0c,13.2775
2024-12-19 16:01:31.509495,0x433abf20,13.29375
2024-12-19 16:01:43.833710,0x433bc2b0,13.17625
2024-12-19 16:03:36.890574,0x433b0098,13.27375
2024-12-19 16:05:00.018125,0x433aafcc,13.285
2024-12-19 16:05:16.339188,0x433acb14,13.2875
2024-12-19 16:06:32.572458,0x433abf20,13.295
2024-12-19 16:06:36.183101,0x433ad35c,13.30125
2024-12-19 16:10:01.238026,0x433aafcc,13.28625
2024-12-19 16:10:21.175181,0x433acb14,13.28625
2024-12-19 16:11:09.994397,0x433aad0c,13.27625
2024-12-19 16:11:35.450719,0x433abf20,13.29125
2024-12-19 16:11:45.617127,0x433bc2b0,13.165
2024-12-19 16:13:38.458160,0x433b0098,13.275
2024-12-19 16:15:02.412555,0x433aafcc,13.285
2024-12-19 16:15:21.773206,0x433acb14,13.29
2024-12-19 16:16:31.832394,0x433abf20,13.29
2024-12-19 16:16:38.296921,0x433ad35c,13.30125
2024-12-19 16:20:04.348522,0x433aafcc,13.28625
2024-12-19 16:20:20.582087,0x433acb14,13.28625
2024-12-19 16:21:12.767464,0x433aad0c,13.27875
2024-12-19 16:21:31.936102,0x433abf20,13.29375
2024-12-19 16:21:50.806074,0x433bc2b0,13.16
2024-12-19 16:23:40.027135,0x433b0098,13.22875
2024-12-19 16:25:10.720092,0x433aafcc,13.28625
2024-12-19 16:25:27.225275,0x433acb14,13.28375
2024-12-19 16:26:33.830553,0x433abf20,13.295
2024-12-19 16:26:42.483144,0x433ad35c,13.3025
2024-12-19 16:30:06.334646,0x433aafcc,13.28375
2024-12-19 16:30:24.394695,0x433acb14,13.285
2024-12-19 16:31:17.180173,0x433aad0c,13.27875
2024-12-19 16:31:32.885801,0x433abf20,13.295
2024-12-19 16:31:53.335306,0x433bc2b0,13.155
2024-12-19 16:33:39.858973,0x433b0098,13.2725
2024-12-19 16:35:07.343276,0x433aafcc,13.28375
2024-12-19 16:35:25.643208,0x433acb14,13.2875
2024-12-19 16:36:35.297042,0x433abf20,13.295
2024-12-19 16:36:42.201365,0x433ad35c,13.3025
2024-12-19 16:40:08.785685,0x433aafcc,13.28625
2024-12-19 16:40:27.481019,0x433acb14,13.28875
2024-12-19 16:41:17.058463,0x433aad0c,13.2825
2024-12-19 16:41:34.377079,0x433abf20,13.29375
2024-12-19 16:41:55.100556,0x433bc2b0,13.1675
2024-12-19 16:43:46.380204,0x433b0098,13.27
2024-12-19 16:45:10.301872,0x433aafcc,13.285
2024-12-19 16:45:28.465074,0x433acb14,13.28375
2024-12-19 16:46:33.813814,0x433abf20,13.29375
2024-12-19 16:46:45.086742,0x433ad35c,13.285
2024-12-19 16:50:10.857894,0x433aafcc,13.28625
2024-12-19 16:50:29.963746,0x433acb14,13.28875
2024-12-19 16:51:21.699521,0x433aad0c,13.2775
2024-12-19 16:51:34.085753,0x433abf20,13.29125
2024-12-19 16:53:41.852907,0x433b0098,13.27125
2024-12-19 16:55:12.453278,0x433aafcc,13.285
2024-12-19 16:55:30.479862,0x433acb14,13.28625
2024-12-19 16:56:34.440590,0x433abf20,13.2925
2024-12-19 16:56:48.554600,0x433ad35c,13.3025
2024-12-19 17:00:13.369507,0x433aafcc,13.2875
2024-12-19 17:00:31.588720,0x433acb14,13.285
2024-12-19 17:01:22.913884,0x433aad0c,13.2775
2024-12-19 17:01:34.557788,0x433abf20,13.29
2024-12-19 17:02:00.487726,0x433bc2b0,13.18125
2024-12-19 17:03:42.457344,0x433b0098,13.27125
2024-12-19 17:05:15.650608,0x433aafcc,13.2875
2024-12-19 17:05:33.401201,0x433acb14,13.2875
2024-12-19 17:06:36.996251,0x433abf20,13.2925
2024-12-19 17:06:50.310804,0x433ad35c,13.29875
2024-12-19 17:10:22.211570,0x433aafcc,13.2875
2024-12-19 17:10:34.815836,0x433acb14,13.28375
2024-12-19 17:11:25.026914,0x433aad0c,13.28
2024-12-19 17:11:36.592102,0x433abf20,13.28875
2024-12-19 17:12:05.689973,0x433bc2b0,13.165
2024-12-19 17:13:43.524461,0x433b0098,13.265
2024-12-19 17:15:18.430268,0x433aafcc,13.28375
2024-12-19 17:15:35.891960,0x433acb14,13.2825
2024-12-19 17:16:35.699676,0x433abf20,13.2925
2024-12-19 17:17:03.628409,0x433ad35c,13.2975
2024-12-19 17:20:19.767251,0x433aafcc,13.28625
2024-12-19 17:20:35.996865,0x433acb14,13.28125
2024-12-19 17:21:28.469615,0x433aad0c,13.27375
2024-12-19 17:21:37.887829,0x433abf20,13.2875
2024-12-19 17:22:06.994544,0x433bc2b0,13.195
2024-12-19 17:23:43.254151,0x433b0098,13.23
2024-12-19 17:25:21.141112,0x433aafcc,13.28125
2024-12-19 17:25:37.256421,0x433acb14,13.285
2024-12-19 17:26:37.843547,0x433abf20,13.2925
2024-12-19 17:26:55.878745,0x433ad35c,13.2975
2024-12-19 17:30:24.128910,0x433aafcc,13.26625
2024-12-19 17:30:39.221570,0x433acb14,13.28625
2024-12-19 17:31:32.955499,0x433aad0c,13.27875
2024-12-19 17:31:37.168461,0x433abf20,13.29125
2024-12-19 17:32:09.756139,0x433bc2b0,13.18
2024-12-19 17:33:45.639155,0x433b0098,13.27
2024-12-19 17:35:24.582738,0x433aafcc,13.28625
2024-12-19 17:35:40.951604,0x433acb14,13.2825
2024-12-19 17:36:39.399260,0x433abf20,13.28875
2024-12-19 17:37:05.979325,0x433ad35c,13.29375
2024-12-19 17:40:25.852486,0x433aafcc,13.285
2024-12-19 17:40:41.302972,0x433acb14,13.28625
2024-12-19 17:41:33.526424,0x433aad0c,13.27875
2024-12-19 17:41:38.391371,0x433abf20,13.29125
2024-12-19 17:42:13.554222,0x433bc2b0,13.16625
2024-12-19 17:43:45.155752,0x433b0098,13.2625
2024-12-19 17:45:25.553489,0x433aafcc,13.28375
2024-12-19 17:45:43.408437,0x433acb14,13.28125
2024-12-19 17:46:38.668991,0x433abf20,13.29125
2024-12-19 17:47:02.935506,0x433ad35c,13.2975
2024-12-19 17:50:28.369677,0x433aafcc,13.28625
2024-12-19 17:50:44.645817,0x433acb14,13.28625
2024-12-19 17:51:36.404457,0x433aad0c,13.27875
2024-12-19 17:51:39.616846,0x433abf20,13.26625
2024-12-19 17:52:13.910203,0x433bc2b0,13.1825
2024-12-19 17:53:48.114903,0x433b0098,13.26
2024-12-19 17:55:31.715297,0x433aafcc,13.28625
2024-12-19 17:55:45.892259,0x433acb14,13.28375
2024-12-19 17:56:40.059838,0x433abf20,13.28875
2024-12-19 17:57:05.236166,0x433ad35c,13.29875
2024-12-19 18:00:29.635956,0x433aafcc,13.28375
2024-12-19 18:00:46.338421,0x433acb14,13.28125
2024-12-19 18:01:38.855649,0x433aad0c,13.2825
2024-12-19 18:01:42.228141,0x433abf20,13.28625
2024-12-19 18:02:17.660995,0x433bc2b0,13.16625
2024-12-19 18:03:50.478422,0x433b0098,13.26875
2024-12-19 18:05:32.929229,0x433aafcc,13.28375
2024-12-19 18:05:48.297701,0x433acb14,13.28375
2024-12-19 18:06:43.109606,0x433abf20,13.2875
2024-12-19 18:07:08.035131,0x433ad35c,13.29375
2024-12-19 18:10:34.896873,0x433aafcc,13.285
2024-12-19 18:10:50.305735,0x433acb14,13.28625
2024-12-19 18:11:40.145043,0x433aad0c,13.27875
2024-12-19 18:11:43.541992,0x433abf20,13.28875
2024-12-19 18:12:21.562743,0x433bc2b0,13.16125
2024-12-19 18:13:47.980462,0x433b0098,13.27
2024-12-19 18:15:35.032799,0x433aafcc,13.2825
2024-12-19 18:15:50.317048,0x433acb14,13.2825
2024-12-19 18:16:43.653534,0x433abf20,13.29125
2024-12-19 18:17:09.762665,0x433ad35c,13.295
2024-12-19 18:20:38.293857,0x433aafcc,13.28375
2024-12-19 18:20:56.697137,0x433acb14,13.2775
2024-12-19 18:21:44.715961,0x433abf20,13.28125
2024-12-19 18:21:47.299749,0x433aad0c,13.27625
2024-12-19 18:22:22.401509,0x433bc2b0,13.16375
2024-12-19 18:23:48.556697,0x433b0098,13.26875
2024-12-19 18:25:37.988730,0x433aafcc,13.2825
2024-12-19 18:25:56.339383,0x433acb14,13.28
2024-12-19 18:26:49.214814,0x433abf20,13.28625
2024-12-19 18:27:12.865161,0x433ad35c,13.2925
2024-12-19 18:30:40.279998,0x433aafcc,13.28375
2024-12-19 18:30:58.452621,0x433acb14,13.28
2024-12-19 18:31:46.009246,0x433abf20,13.28625
2024-12-19 18:31:49.276970,0x433aad0c,13.27875
2024-12-19 18:32:24.275976,0x433bc2b0,13.18
2024-12-19 18:33:51.760513,0x433b0098,13.2575
2024-12-19 18:35:40.847201,0x433aafcc,13.28125
2024-12-19 18:35:57.866049,0x433acb14,13.28125
2024-12-19 18:36:52.514673,0x433abf20,13.28375
2024-12-19 18:37:14.824638,0x433ad35c,13.29375
2024-12-19 18:40:42.085915,0x433aafcc,13.2825
2024-12-19 18:41:00.610873,0x433acb14,13.28125
2024-12-19 18:41:47.647669,0x433abf20,13.2825
2024-12-19 18:41:49.725243,0x433aad0c,13.27375
2024-12-19 18:42:27.187269,0x433bc2b0,13.165
2024-12-19 18:43:53.244711,0x433b0098,13.25875
2024-12-19 18:45:43.586365,0x433aafcc,13.28125
2024-12-19 18:46:06.272445,0x433acb14,13.25875
2024-12-19 18:46:47.098066,0x433abf20,13.285
2024-12-19 18:47:18.001286,0x433ad35c,13.295
2024-12-19 18:50:43.656285,0x433aafcc,13.2825
2024-12-19 18:51:04.168592,0x433acb14,13.2775
2024-12-19 18:51:49.351836,0x433abf20,13.28625
2024-12-19 18:51:56.455791,0x433aad0c,13.275
2024-12-19 18:52:30.714431,0x433bc2b0,13.1575
2024-12-19 18:53:53.396697,0x433b0098,13.26
2024-12-19 18:55:44.947812,0x433aafcc,13.2825
2024-12-19 18:56:03.896482,0x433acb14,13.2775
2024-12-19 18:56:48.117218,0x433abf20,13.2875
2024-12-19 18:57:21.424103,0x433ad35c,13.295
2024-12-19 19:00:46.893296,0x433aafcc,13.28125
2024-12-19 19:01:04.846812,0x433acb14,13.2575
2024-12-19 19:01:49.003999,0x433abf20,13.285
2024-12-19 19:01:55.128143,0x433aad0c,13.27875
2024-12-19 19:02:33.189400,0x433bc2b0,13.16
2024-12-19 19:03:57.296345,0x433b0098,13.26375
2024-12-19 19:05:48.735157,0x433aafcc,13.2825
2024-12-19 19:06:06.610468,0x433acb14,13.28125
2024-12-19 19:06:50.530149,0x433abf20,13.285
2024-12-19 19:07:23.757249,0x433ad35c,13.29125
2024-12-19 19:10:48.974340,0x433aafcc,13.28
2024-12-19 19:11:13.808267,0x433acb14,13.28
2024-12-19 19:11:51.087589,0x433abf20,13.27875
2024-12-19 19:11:57.625682,0x433aad0c,13.2775
2024-12-19 19:12:36.171033,0x433bc2b0,13.18
2024-12-19 19:13:55.698313,0x433b0098,13.2625
2024-12-19 19:15:49.969391,0x433aafcc,13.2825
2024-12-19 19:16:09.546293,0x433acb14,13.27625
2024-12-19 19:16:49.947951,0x433abf20,13.28375
2024-12-19 19:17:27.094721,0x433ad35c,13.29625
2024-12-19 19:20:51.956293,0x433aafcc,13.2825
2024-12-19 19:21:10.092823,0x433acb14,13.27625
2024-12-19 19:21:50.305092,0x433abf20,13.28
2024-12-19 19:22:02.452092,0x433aad0c,13.2775
2024-12-19 19:22:38.445776,0x433bc2b0,13.16875
2024-12-19 19:23:55.839939,0x433b0098,13.2625
2024-12-19 19:25:53.807498,0x433aafcc,13.2825
2024-12-19 19:26:14.228246,0x433acb14,13.27625
2024-12-19 19:26:50.416956,0x433abf20,13.28375
2024-12-19 19:27:28.689740,0x433ad35c,13.29
2024-12-19 19:30:54.086968,0x433aafcc,13.28
2024-12-19 19:31:13.020723,0x433acb14,13.28
2024-12-19 19:31:51.257897,0x433abf20,13.28375
2024-12-19 19:32:09.716979,0x433aad0c,13.27125
2024-12-19 19:32:40.047398,0x433bc2b0,13.17875
2024-12-19 19:33:58.871342,0x433b0098,13.25125
2024-12-19 19:35:55.371526,0x433aafcc,13.27875
2024-12-19 19:36:14.597489,0x433acb14,13.2725
2024-12-19 19:36:51.019845,0x433abf20,13.27875
2024-12-19 19:37:32.775246,0x433ad35c,13.29125
2024-12-19 19:40:56.880112,0x433aafcc,13.2825
2024-12-19 19:41:20.105301,0x433acb14,13.275
2024-12-19 19:41:51.505851,0x433abf20,13.27875
2024-12-19 19:42:11.977692,0x433aad0c,13.27375
2024-12-19 19:42:43.371352,0x433bc2b0,13.1575
2024-12-19 19:44:00.169626,0x433b0098,13.26125
2024-12-19 19:45:58.759653,0x433aafcc,13.27875
2024-12-19 19:46:17.380068,0x433acb14,13.2725
2024-12-19 19:46:51.757259,0x433abf20,13.27875
2024-12-19 19:47:33.782432,0x433ad35c,13.29
2024-12-19 19:51:02.612359,0x433aafcc,13.2775
2024-12-19 19:51:19.173789,0x433acb14,13.27375
2024-12-19 19:51:53.361097,0x433abf20,13.28125
2024-12-19 19:52:11.201512,0x433aad0c,13.27125
2024-12-19 19:52:45.759685,0x433bc2b0,13.15375
2024-12-19 19:54:00.745327,0x433b0098,13.21625
2024-12-19 19:56:02.901039,0x433aafcc,13.27875
2024-12-19 19:56:19.249505,0x433acb14,13.27875
2024-12-19 19:56:52.737980,0x433abf20,13.28125
2024-12-19 19:57:38.239633,0x433ad35c,13.2925
2024-12-19 20:01:05.852532,0x433aafcc,13.27875
2024-12-19 20:01:21.722670,0x433acb14,13.2775
2024-12-19 20:01:52.286101,0x433abf20,13.2775
2024-12-19 20:02:11.720890,0x433aad0c,13.2725
2024-12-19 20:02:51.048044,0x433bc2b0,13.18
2024-12-19 20:04:01.191265,0x433b0098,13.24125
2024-12-19 20:06:05.172938,0x433aafcc,13.2775
2024-12-19 20:06:22.458552,0x433acb14,13.27625
2024-12-19 20:06:52.907483,0x433abf20,13.2775
2024-12-19 20:07:41.729573,0x433ad35c,13.28875
2024-12-19 20:11:08.142246,0x433aafcc,13.28
2024-12-19 20:11:24.789779,0x433acb14,13.2775
2024-12-19 20:11:53.684074,0x433abf20,13.28
2024-12-19 20:12:22.023901,0x433aad0c,13.27
2024-12-19 20:12:50.030578,0x433bc2b0,13.1575
2024-12-19 20:14:01.519243,0x433b0098,13.2525
2024-12-19 20:16:07.935503,0x433aafcc,13.26
2024-12-19 20:16:25.165034,0x433acb14,13.2775
2024-12-19 20:16:53.714747,0x433abf20,13.27625
2024-12-19 20:17:47.019162,0x433ad35c,13.2925
2024-12-19 20:21:09.291118,0x433aafcc,13.275
2024-12-19 20:21:25.577363,0x433acb14,13.2725
2024-12-19 20:21:55.859836,0x433abf20,13.27625
2024-12-19 20:22:17.807185,0x433aad0c,13.27125
2024-12-19 20:22:54.213582,0x433bc2b0,13.15875
2024-12-19 20:24:01.599188,0x433b0098,13.25375
2024-12-19 20:26:11.385845,0x433aafcc,13.27625
2024-12-19 20:26:29.030517,0x433acb14,13.2725
2024-12-19 20:26:58.726058,0x433abf20,13.2775
2024-12-19 20:27:46.900420,0x433ad35c,13.29
2024-12-19 20:31:12.244361,0x433aafcc,13.275
2024-12-19 20:31:30.730383,0x433acb14,13.27625
2024-12-19 20:31:54.934877,0x433abf20,13.27625
2024-12-19 20:32:19.366028,0x433aad0c,13.275
2024-12-19 20:32:59.014975,0x433bc2b0,13.165
2024-12-19 20:34:02.788821,0x433b0098,13.2475
2024-12-19 20:36:13.692348,0x433aafcc,13.2775
2024-12-19 20:36:30.467596,0x433acb14,13.27625
2024-12-19 20:36:54.915813,0x433abf20,13.25375
2024-12-19 20:37:48.603285,0x433ad35c,13.2875
2024-12-19 20:41:16.280021,0x433aafcc,13.27625
2024-12-19 20:41:35.628597,0x433acb14,13.2725
2024-12-19 20:41:55.068671,0x433abf20,13.27375
2024-12-19 20:42:28.671831,0x433aad0c,13.2725
2024-12-19 20:43:00.551782,0x433bc2b0,13.1475
2024-12-19 20:44:04.227610,0x433b0098,13.25625
2024-12-19 20:46:16.335250,0x433aafcc,13.27625
2024-12-19 20:46:32.489904,0x433acb14,13.27375
2024-12-19 20:46:55.507972,0x433abf20,13.27875
2024-12-19 20:47:50.656943,0x433ad35c,13.28625
2024-12-19 20:51:19.697285,0x433aafcc,13.2775
2024-12-19 20:51:34.653207,0x433acb14,13.26875
2024-12-19 20:51:56.018178,0x433abf20,13.27375
2024-12-19 20:52:25.522333,0x433aad0c,13.27
2024-12-19 20:53:02.244275,0x433bc2b0,13.155
2024-12-19 20:54:22.449998,0x433b0098,13.255
2024-12-19 20:56:20.890747,0x433aafcc,13.27625
2024-12-19 20:56:36.476202,0x433acb14,13.275
2024-12-19 20:56:56.422695,0x433abf20,13.27625
2024-12-19 20:57:54.370911,0x433ad35c,13.2875
2024-12-19 21:01:21.695133,0x433aafcc,13.275
2024-12-19 21:01:36.788249,0x433acb14,13.27375
2024-12-19 21:01:57.086961,0x433abf20,13.27625
2024-12-19 21:02:27.469293,0x433aad0c,13.27
2024-12-19 21:03:05.731418,0x433bc2b0,13.1475
2024-12-19 21:04:06.921181,0x433b0098,13.2475
2024-12-19 21:06:23.362019,0x433aafcc,13.2775
2024-12-19 21:06:37.752762,0x433acb14,13.275
2024-12-19 21:06:58.914531,0x433abf20,13.275
2024-12-19 21:07:59.616387,0x433ad35c,13.29
2024-12-19 21:11:25.810633,0x433aafcc,13.275
2024-12-19 21:11:39.005154,0x433acb14,13.27
2024-12-19 21:12:00.449885,0x433abf20,13.27125
2024-12-19 21:12:30.013151,0x433aad0c,13.2725
2024-12-19 21:13:11.461933,0x433bc2b0,13.175
2024-12-19 21:14:12.642744,0x433b0098,13.24875
2024-12-19 21:16:25.813299,0x433aafcc,13.2775
2024-12-19 21:16:40.901335,0x433acb14,13.26375
2024-12-19 21:16:59.038166,0x433abf20,13.2725
2024-12-19 21:17:58.449226,0x433ad35c,13.28625
2024-12-19 21:21:28.846967,0x433aafcc,13.275
2024-12-19 21:21:42.314044,0x433acb14,13.27125
2024-12-19 21:21:59.144954,0x433abf20,13.275
2024-12-19 21:22:33.896158,0x433aad0c,13.2675
2024-12-19 21:23:11.812240,0x433bc2b0,13.14875
