2024-12-07 21:11:33.127134,0x4358db28,26.69077,54.258907,1017.41364,69.45485,21
2024-12-07 21:11:39.372229,0x4358db28,26.687944,54.30289,1017.43536,69.68689,21
2024-12-07 21:11:45.761475,0x4358db28,26.665815,54.509884,1017.4247,69.39709,22
2024-12-07 21:11:51.930246,0x4358db28,26.678652,54.474373,1017.4531,69.57067,22
2024-12-07 21:11:58.082902,0x4358db28,26.705757,54.340755,1017.4585,69.39709,22
2024-12-07 21:12:04.405448,0x4358db28,26.71297,54.14435,1017.4503,69.22436,23
2024-12-07 21:12:10.579404,0x4358db28,26.754496,53.8967,1017.5204,69.80348,23
2024-12-07 21:12:16.833211,0x4358db28,26.758823,53.85434,1017.5342,69.39709,24
2024-12-07 21:12:23.087734,0x4358db28,26.755959,54.03424,1017.52637,69.33942,24
2024-12-07 21:12:29.420424,0x4358db28,26.769629,54.132538,1017.52014,68.4857,26
2024-12-07 21:12:35.742058,0x4358db28,26.80587,54.10917,1017.47375,68.54196,27
2024-12-07 21:12:42.063552,0x4358db28,26.793676,54.356575,1017.46796,57.929836,40
2024-12-07 21:12:48.164795,0x4358db28,26.763412,54.363285,1017.4705,53.13408,56
2024-12-07 21:12:54.477895,0x4358db28,26.74563,54.299553,1017.4719,50.71202,71
2024-12-07 21:13:00.653061,0x4358db28,26.720526,54.392082,1017.47253,49.303616,83
2024-12-07 21:13:06.921816,0x4358db28,26.727976,54.336,1017.468,48.61419,93
2024-12-07 21:13:13.068568,0x4358db28,26.728207,54.402004,1017.468,47.94377,101
2024-12-07 21:13:19.342006,0x4358db28,26.715523,54.465813,1017.47974,47.157948,107
2024-12-07 21:13:25.573687,0x4358db28,26.70823,54.66439,1017.4981,46.76429,112
2024-12-07 21:13:32.264583,0x4358db28,26.727774,54.730446,1017.51495,46.14421,117
2024-12-07 21:13:38.044608,0x4358db28,26.711763,54.68713,1017.4954,45.94115,120
2024-12-07 21:13:44.455624,0x4358db28,26.720959,54.299133,1017.5727,52.797848,114
2024-12-07 21:13:50.711364,0x4358db28,26.78845,53.981503,1017.50116,57.451187,101
2024-12-07 21:13:56.795023,0x4358db28,26.771078,54.080235,1017.5268,51.022125,101
2024-12-07 21:14:03.043035,0x4358db28,26.773527,54.21771,1017.5173,48.276653,106
2024-12-07 21:14:09.276914,0x4358db28,26.788559,54.330547,1017.5098,46.9747,111
2024-12-07 21:14:15.620684,0x4358db28,26.79097,54.29734,1017.528,46.14421,116
2024-12-07 21:14:21.935668,0x4358db28,26.77839,54.454453,1017.53784,45.590073,120
2024-12-07 21:14:28.195373,0x4358db28,26.77849,54.534,1017.531,45.146496,124
2024-12-07 21:14:34.587440,0x4358db28,26.798756,54.432632,1017.5304,44.903774,127
2024-12-07 21:14:40.819254,0x4358db28,26.812582,54.261738,1017.54474,44.663647,129
2024-12-07 21:14:47.037933,0x4358db28,26.761229,54.203598,1017.53503,51.272953,122
2024-12-07 21:14:53.254587,0x4358db28,26.831661,53.874855,1017.5321,55.761803,109
2024-12-07 21:14:59.456444,0x4358db28,26.79599,54.016518,1017.5278,49.596687,109
2024-12-07 21:15:05.693445,0x4358db28,26.778706,54.27353,1017.52747,47.2648,113
2024-12-07 21:15:12.152242,0x4358db28,26.775824,54.482292,1017.53015,45.89067,117
2024-12-07 21:15:18.133497,0x4358db28,26.768341,54.60244,1017.55206,45.244324,122
2024-12-07 21:15:24.685543,0x4358db28,26.768291,54.61511,1017.566,44.568314,126
2024-12-07 21:15:30.600555,0x4358db28,26.780968,54.675476,1017.54913,44.237827,129
2024-12-07 21:15:37.189434,0x4358db28,26.783564,54.536118,1017.5656,44.004753,132
2024-12-07 21:15:43.021594,0x4358db28,26.80131,54.531937,1017.55725,43.728283,135
2024-12-07 21:15:49.446626,0x4358db28,26.808758,54.580666,1017.57367,43.54589,137
2024-12-07 21:15:55.999513,0x4358db28,26.816324,54.47396,1017.5585,43.36502,138
2024-12-07 21:16:02.158440,0x4358db28,26.816225,54.437424,1017.56036,43.230343,140
2024-12-07 21:16:08.061063,0x4358db28,26.8215,54.479164,1017.56714,43.230343,141
2024-12-07 21:16:14.417314,0x4358db28,26.823914,54.5159,1017.5645,42.87527,142
2024-12-07 21:16:20.686680,0x4358db28,26.828667,54.47714,1017.5661,43.007736,142
2024-12-07 21:16:26.863349,0x4358db28,26.82408,54.491997,1017.5767,42.743614,143
2024-12-07 21:16:33.652989,0x4358db28,26.821476,54.65476,1017.58105,42.56933,144
2024-12-07 21:16:51.281019,0x4358db28,26.806313,54.76338,1017.5676,42.48272,145
2024-12-07 21:16:57.574401,0x4358db28,26.806494,54.71931,1017.5624,42.35346,146
2024-12-07 21:17:03.821097,0x4358db28,26.768452,54.56723,1017.56366,48.557602,136
2024-12-07 21:17:10.245576,0x4358db28,26.828909,54.256756,1017.547,53.337875,122
2024-12-07 21:17:16.544673,0x4358db28,26.816399,54.506485,1017.5812,47.833828,120
2024-12-07 21:17:22.560717,0x4358db28,26.796082,54.54716,1017.5852,45.54036,123
2024-12-07 21:17:29.035847,0x4358db28,26.808743,54.523693,1017.5667,44.237827,127
2024-12-07 21:17:34.950027,0x4358db28,26.823797,54.44116,1017.56964,43.728283,131
2024-12-07 21:17:41.198136,0x4358db28,26.801416,54.31791,1017.5938,43.36502,134
2024-12-07 21:17:47.433148,0x4358db28,26.798706,54.42386,1017.5999,43.007736,137
2024-12-07 21:17:53.851714,0x4358db28,26.78358,54.54067,1017.576,42.78741,140
2024-12-07 21:18:00.253543,0x4358db28,26.761457,54.36906,1017.5768,49.187355,132
2024-12-07 21:18:06.162394,0x4358db28,26.84658,53.968037,1017.57336,53.440365,118
2024-12-07 21:18:12.594943,0x4358db28,26.818893,54.206955,1017.58545,47.888737,118
2024-12-07 21:18:18.769452,0x4358db28,26.833946,54.224922,1017.56934,45.195354,122
2024-12-07 21:18:24.944639,0x4358db28,26.849058,54.306496,1017.58636,44.004753,127
2024-12-07 21:18:31.179570,0x4358db28,26.849405,54.397255,1017.58124,43.18564,132
2024-12-07 21:18:37.589371,0x4358db28,26.844082,54.41696,1017.5744,42.56933,136
2024-12-07 21:18:43.817990,0x4358db28,26.837332,54.44623,1017.57367,42.310547,140
2024-12-07 21:18:50.253839,0x4358db28,26.809864,54.325706,1017.5851,48.472977,134
2024-12-07 21:18:56.309208,0x4358db28,26.889502,53.88332,1017.58875,52.999077,121
2024-12-07 21:19:02.566129,0x4358db28,26.863964,54.026447,1017.5964,47.07812,121
2024-12-07 21:19:08.988427,0x4358db28,26.861761,54.11396,1017.5782,45.146496,124
2024-12-07 21:19:15.077021,0x4358db28,26.859228,54.055428,1017.58606,43.820053,129
2024-12-07 21:19:21.322559,0x4358db28,26.871864,53.990112,1017.5795,43.052074,133
2024-12-07 21:19:27.424888,0x4358db28,26.891954,54.05138,1017.57733,42.48272,137
2024-12-07 21:19:33.824612,0x4358db28,26.902374,54.05634,1017.5788,41.970364,141
2024-12-07 21:19:40.414738,0x4358db28,26.886677,54.276024,1017.595,41.635605,145
2024-12-07 21:19:46.167052,0x4358db28,26.889385,54.326584,1017.5869,41.470215,147
2024-12-07 21:19:52.764151,0x4358db28,26.889708,54.30101,1017.6131,41.429077,149
2024-12-07 21:19:59.051300,0x4358db28,26.881567,54.194355,1017.59686,41.102867,151
2024-12-07 21:20:04.965537,0x4358db28,26.882215,54.17365,1017.59155,41.22459,152
2024-12-07 21:20:11.344377,0x4358db28,26.89466,54.313873,1017.5938,40.941677,153
2024-12-07 21:20:17.595436,0x4358db28,26.8968,54.366165,1017.59296,40.781746,154
2024-12-07 21:20:23.848282,0x4358db28,26.917799,54.2973,1017.6045,40.781746,155
2024-12-07 21:20:30.323420,0x4358db28,26.940285,54.59345,1017.57605,46.76429,145
2024-12-07 21:20:36.348114,0x4358db28,27.016487,54.352654,1017.5537,50.8666,131
2024-12-07 21:20:42.594399,0x4358db28,26.970814,55.06079,1017.5422,49.74453,124
2024-12-07 21:20:48.830435,0x4358db28,27.03378,54.60646,1017.5664,52.931824,113
2024-12-07 21:20:55.068169,0x4358db28,26.953274,53.917915,1017.5592,51.621895,110
2024-12-07 21:21:01.427472,0x4358db28,27.017918,53.538925,1017.5407,54.91766,101
2024-12-07 21:21:07.566946,0x4358db28,26.985332,53.89226,1017.5651,48.08191,105
2024-12-07 21:21:13.815264,0x4358db28,26.982761,54.06155,1017.5313,44.663647,114
2024-12-07 21:21:20.065385,0x4358db28,26.982744,53.936268,1017.5677,43.50053,122
2024-12-07 21:21:26.415319,0x4358db28,27.007996,53.87818,1017.6368,42.48272,130
2024-12-07 21:21:32.550552,0x4358db28,26.992847,53.973537,1017.57635,41.677155,136
2024-12-07 21:21:38.629099,0x4358db28,26.997808,54.036606,1017.5534,41.062447,142
2024-12-07 21:21:44.893201,0x4358db28,27.000513,54.05747,1017.5456,40.741962,146
2024-12-07 21:21:51.128898,0x4358db28,27.003124,53.985394,1017.55676,40.583588,150
2024-12-07 21:21:57.552724,0x4358db28,27.02407,54.01439,1017.5667,40.115765,153
2024-12-07 21:22:03.840236,0x4358db28,27.00081,54.045956,1017.55347,46.555756,146
2024-12-07 21:22:10.693869,0x4358db28,27.076242,53.73641,1017.5678,50.619724,132
2024-12-07 21:22:16.354232,0x4358db28,27.038366,54.00664,1017.5455,45.342575,131
2024-12-07 21:22:22.549829,0x4358db28,27.040796,54.0555,1017.54443,42.48272,136
2024-12-07 21:22:28.815944,0x4358db28,27.045668,54.09281,1017.5407,41.22459,141
2024-12-07 21:22:34.903742,0x4358db28,27.04093,54.060005,1017.5583,40.702255,146
2024-12-07 21:22:41.331200,0x4358db28,27.04345,53.868423,1017.53485,40.34832,150
2024-12-07 21:22:47.509241,0x4358db28,27.015635,53.88071,1017.5469,40.00049,153
2024-12-07 21:22:53.834883,0x4358db28,27.01284,53.988255,1017.54785,39.771915,156
2024-12-07 21:23:00.000358,0x4358db28,27.030827,53.75926,1017.56903,39.885876,158
2024-12-07 21:23:06.261558,0x4358db28,27.030603,53.654324,1017.5568,39.43391,160
2024-12-07 21:23:12.601628,0x4358db28,27.023201,53.69089,1017.532,39.508522,161
2024-12-07 21:23:18.928662,0x4358db28,27.018242,53.86182,1017.5251,39.359577,163
2024-12-07 21:23:25.028926,0x4358db28,27.028261,53.914303,1017.5335,39.138245,164
2024-12-07 21:23:31.199630,0x4358db28,27.020514,53.9212,1017.5398,39.065025,165
2024-12-07 21:23:37.695062,0x4358db28,27.023382,53.90473,1017.52496,38.919395,166
2024-12-07 21:23:43.788115,0x4358db28,27.025633,53.93608,1017.52405,38.66714,167
2024-12-07 21:23:50.046623,0x4358db28,27.03072,53.962093,1017.5325,38.524456,168
2024-12-07 21:23:56.220058,0x4358db28,27.03567,53.966022,1017.52716,38.524456,169
2024-12-07 21:24:02.628292,0x4358db28,27.030926,54.032166,1017.536,38.453506,170
2024-12-07 21:24:09.112847,0x4358db28,27.044012,54.039818,1017.54,38.48895,170
2024-12-07 21:24:14.994937,0x4358db28,27.016737,54.01146,1017.5374,44.426075,160
2024-12-07 21:24:21.395163,0x4358db28,27.086357,53.666435,1017.5328,48.727753,145
2024-12-07 21:24:27.454779,0x4358db28,27.065758,53.813587,1017.5506,43.636894,143
2024-12-07 21:24:33.724286,0x4358db28,27.043234,53.88672,1017.547,41.51144,146
2024-12-07 21:24:40.556965,0x4358db28,27.02579,53.871544,1017.5206,40.426437,150
2024-12-07 21:24:46.461258,0x4358db28,27.035875,53.940456,1017.5236,39.583424,154
2024-12-07 21:24:52.517531,0x4358db28,27.027115,54.06099,1017.52747,39.065025,158
2024-12-07 21:24:59.135559,0x4358db28,27.031902,53.9464,1017.59436,45.049095,152
2024-12-07 21:25:04.994145,0x4358db28,27.020718,53.8478,1017.5424,51.1159,127
2024-12-07 21:25:11.532722,0x4358db28,27.086472,53.648262,1017.5431,53.066494,115
2024-12-07 21:25:17.582390,0x4358db28,27.033535,53.93809,1017.5299,46.14421,118
2024-12-07 21:25:23.919727,0x4358db28,27.001642,53.91655,1017.52905,48.05422,123
2024-12-07 21:25:49.609037,0x4358db28,26.920412,53.180496,1017.5246,26.497786,7
2024-12-07 21:25:55.625595,0x4358db28,26.971378,53.101437,1017.52826,43.54589,7
2024-12-07 21:26:01.817048,0x4358db28,26.976385,53.213226,1017.516,50.558376,7
2024-12-07 21:26:08.135204,0x4358db28,27.005775,53.340252,1017.5185,54.098694,8
2024-12-07 21:26:14.277788,0x4358db28,27.018991,53.448444,1017.533,55.31817,8
2024-12-07 21:26:20.555261,0x4358db28,27.029346,53.859245,1017.51886,56.709282,8
2024-12-07 21:26:27.006671,0x4358db28,27.036383,53.40912,1017.5317,57.849503,8
2024-12-07 21:26:33.068479,0x4358db28,27.039167,53.13154,1017.54803,58.253395,8
2024-12-07 21:26:39.295594,0x4358db28,27.033745,53.1173,1017.52734,58.704235,9
2024-12-07 21:26:45.508306,0x4358db28,27.0535,53.106564,1017.53906,59.246124,9
2024-12-07 21:26:53.151326,0x4358db28,27.061527,53.11419,1017.52905,59.54208,9
2024-12-07 21:27:02.716444,0x4358db28,27.056139,53.552914,1017.5344,58.786957,10
2024-12-07 21:27:08.884244,0x4358db28,27.05862,53.482784,1017.5371,59.20409,11
2024-12-07 21:27:15.214059,0x4358db28,27.061754,53.310863,1017.5395,59.20409,11
2024-12-07 21:27:55.190339,0x4358db28,26.92737,53.11305,1017.55817,42.919334,7
2024-12-07 21:27:55.210028,0x4358db28,26.924963,53.31404,1017.5277,50.37523,7
2024-12-07 21:27:55.250107,0x4358db28,26.955225,53.493988,1017.5409,53.81954,8
2024-12-07 21:27:59.332356,0x4358db28,26.953424,53.71383,1017.5331,55.613136,8
2024-12-07 21:28:04.666818,0x4358db28,26.953123,53.833355,1017.5505,56.212612,8
2024-12-07 21:28:11.058058,0x4358db28,26.93501,53.83427,1017.5293,57.29339,8
2024-12-07 21:28:17.184695,0x4358db28,26.96298,53.699142,1017.52594,57.609856,8
2024-12-07 21:28:23.542377,0x4358db28,26.978907,53.556995,1017.5307,58.091167,9
2024-12-07 21:28:30.283632,0x4358db28,26.975285,53.679394,1017.53876,57.929836,9
2024-12-07 21:28:46.731918,0x4358db28,26.925154,54.075092,1017.52075,57.849503,10
2024-12-07 21:28:52.649658,0x4358db28,26.928432,54.055984,1017.5477,58.172173,11
2024-12-07 21:28:58.777992,0x4358db28,26.930195,53.9903,1017.51904,58.21275,12
2024-12-07 21:29:04.949260,0x4358db28,26.920185,53.95195,1017.528,58.745567,12
2024-12-07 21:29:11.330891,0x4358db28,26.89466,53.984375,1017.53217,58.172173,13
2024-12-07 21:29:17.502274,0x4358db28,26.875359,54.08022,1017.5345,58.131638,14
2024-12-07 21:29:23.608951,0x4358db28,26.862408,54.119144,1017.56006,58.01039,14
2024-12-07 21:29:29.993751,0x4358db28,26.85014,54.254025,1017.5526,58.05075,15
2024-12-07 21:29:36.124777,0x4358db28,26.849571,54.2995,1017.5474,57.53041,16
2024-12-07 21:29:42.411119,0x4358db28,26.831692,54.54073,1017.5331,57.411648,17
2024-12-07 21:29:48.613325,0x4358db28,26.847277,54.539978,1017.5693,57.689514,18
2024-12-07 21:30:06.448846,0x4358db28,26.873064,54.388447,1017.62756,56.86388,19
2024-12-07 21:30:12.685444,0x4358db28,26.865498,55.052406,1017.6165,56.51722,21
2024-12-07 21:30:19.374756,0x4358db28,26.861876,54.572254,1017.61395,56.747856,22
2024-12-07 21:30:25.132372,0x4358db28,26.855335,54.72522,1017.5437,57.09735,23
2024-12-07 21:30:31.363973,0x4358db28,26.874523,54.49064,1017.63715,56.82515,25
2024-12-07 21:30:37.682018,0x4358db28,26.85782,54.298412,1017.5637,56.67076,26
2024-12-07 21:30:43.763814,0x4358db28,26.916943,54.035538,1017.5628,56.709282,27
2024-12-07 21:30:50.382221,0x4358db28,26.89447,54.33364,1017.6285,47.45297,34
2024-12-07 21:30:56.228619,0x4358db28,26.849041,54.625027,1017.5499,43.007736,44
2024-12-07 21:31:02.709868,0x4358db28,26.869242,54.517834,1017.579,40.583588,54
2024-12-07 21:31:09.136605,0x4358db28,26.856222,54.527157,1017.554,39.1016,64
2024-12-07 21:31:15.171529,0x4358db28,26.896708,54.354965,1017.55804,38.172314,73
2024-12-07 21:31:21.235613,0x4358db28,26.912657,54.21003,1017.5751,37.554413,83
2024-12-07 21:31:27.464166,0x4358db28,26.879683,54.208138,1017.543,42.35346,89
2024-12-07 21:31:33.626688,0x4358db28,26.932364,53.953022,1017.55536,46.555756,86
2024-12-07 21:31:39.872737,0x4358db28,26.904589,54.203373,1017.5588,41.306145,92
2024-12-07 21:31:46.279847,0x4358db28,26.91213,54.264473,1017.56287,38.66714,101
2024-12-07 21:31:52.360202,0x4358db28,26.896875,54.189724,1017.55804,37.386314,111
2024-12-07 21:31:58.599862,0x4358db28,26.874279,54.33725,1017.56836,36.535877,121
2024-12-07 21:32:04.837513,0x4358db28,26.89182,54.203106,1017.5617,35.7845,132
2024-12-07 21:32:11.541210,0x4358db28,26.906961,54.07527,1017.5648,35.631836,141
2024-12-07 21:32:17.455892,0x4358db28,26.874676,54.353947,1017.5693,40.623062,144
2024-12-07 21:32:24.146694,0x4358db28,26.967852,53.959286,1017.54913,44.663647,138
2024-12-07 21:32:29.923860,0x4358db28,26.930271,54.433205,1017.5729,43.728283,137
2024-12-07 21:32:35.992247,0x4358db28,27.010336,54.13022,1017.58704,46.816715,132
2024-12-07 21:32:42.241468,0x4358db28,26.982794,54.485046,1017.57654,40.741962,142
2024-12-07 21:32:48.962233,0x4358db28,26.977541,54.72106,1017.5663,37.75815,153
2024-12-07 21:32:54.844720,0x4358db28,26.971193,54.858387,1017.61774,36.34509,163
2024-12-07 21:33:01.089590,0x4358db28,26.952438,54.91426,1017.6295,35.211224,172
2024-12-07 21:33:07.411190,0x4358db28,26.954994,55.04643,1017.6356,34.258007,180
2024-12-07 21:33:13.854247,0x4358db28,26.91016,55.346,1017.61597,34.09021,186
2024-12-07 21:33:19.820420,0x4358db28,26.908218,54.850452,1017.61273,39.396706,182
2024-12-07 21:33:26.029661,0x4358db28,26.995085,54.519672,1017.6172,43.18564,168
2024-12-07 21:33:32.261525,0x4358db28,26.970507,54.62174,1017.62646,38.702972,167
2024-12-07 21:33:38.490113,0x4358db28,26.990068,54.644733,1017.6137,36.219006,172
2024-12-07 21:33:44.734655,0x4358db28,26.995077,54.736603,1017.6172,35.09287,178
2024-12-07 21:33:51.045387,0x4358db28,27.043308,54.548485,1017.6792,34.399105,184
2024-12-07 21:33:57.191827,0x4358db28,27.016052,54.656975,1017.6164,33.89652,189
2024-12-07 21:34:03.480825,0x4358db28,27.021816,54.736446,1017.6799,38.560028,186
2024-12-07 21:34:09.772252,0x4358db28,27.05117,54.425823,1017.62,44.85554,157
2024-12-07 21:34:15.937498,0x4358db28,27.103584,54.12729,1017.6236,46.45218,144
2024-12-07 21:34:22.161277,0x4358db28,27.081015,54.631485,1017.6268,40.03884,148
2024-12-07 21:34:28.554057,0x4358db28,27.07581,54.73135,1017.62,37.120453,157
2024-12-07 21:34:34.515413,0x4358db28,27.07596,54.76262,1017.61475,35.270702,167
2024-12-07 21:34:41.045426,0x4358db28,27.070915,54.89955,1017.6236,34.48432,176
2024-12-07 21:34:47.004346,0x4358db28,27.059666,54.80707,1017.62823,33.841583,183
2024-12-07 21:34:53.205539,0x4358db28,27.035887,54.598576,1017.6899,38.702972,183
2024-12-07 21:34:59.753224,0x4358db28,27.101206,54.260944,1017.6261,42.69991,169
2024-12-07 21:35:19.550421,0x4358db28,26.97028,55.29161,1017.61005,18.809175,153
2024-12-07 21:35:25.760527,0x4358db28,26.980251,54.9842,1017.6167,32.85642,153
2024-12-07 21:35:35.398943,0x4358db28,26.98128,54.890663,1017.5959,40.34832,153
2024-12-07 21:35:38.552578,0x4358db28,27.01598,54.692852,1017.69214,44.473385,153
2024-12-07 21:35:45.563458,0x4358db28,26.98033,54.593353,1017.5907,46.921925,141
2024-12-07 21:35:50.841008,0x4358db28,26.988846,54.365032,1017.61206,48.64253,123
2024-12-07 21:35:56.858607,0x4358db28,26.975819,54.29551,1017.60114,49.479042,111
2024-12-07 21:36:03.044430,0x4358db28,26.978035,54.460453,1017.58984,50.284157,103
2024-12-07 21:36:12.512210,0x4358db28,26.972918,54.878254,1017.59344,50.681213,97
2024-12-07 21:36:22.946891,0x4358db28,26.985485,54.97195,1017.5957,51.147232,93
2024-12-07 21:36:28.850117,0x4358db28,26.975323,54.628,1017.59076,51.58998,91
2024-12-07 21:36:35.385641,0x4358db28,26.963247,54.409748,1017.5781,51.846428,88
2024-12-07 21:36:41.427815,0x4358db28,26.965502,54.694836,1017.5702,51.210014,88
2024-12-07 21:36:47.375519,0x4358db28,27.015535,54.6574,1017.56946,51.43098,88
2024-12-07 21:36:53.781275,0x4358db28,27.000137,55.154556,1017.56305,43.320026,103
2024-12-07 21:36:59.905986,0x4358db28,27.00067,55.278458,1017.5821,39.065025,121
2024-12-07 21:37:06.026655,0x4358db28,26.95843,55.358932,1017.5799,41.677155,141
2024-12-07 21:37:12.332209,0x4358db28,27.040648,54.86309,1017.5653,45.049095,135
2024-12-07 21:37:18.625794,0x4358db28,26.965464,54.858376,1017.5615,43.27514,140
2024-12-07 21:37:24.832296,0x4358db28,27.045725,54.53011,1017.586,46.195255,133
2024-12-07 21:37:30.904362,0x4358db28,26.999006,54.65696,1017.57355,43.36502,138
2024-12-07 21:37:37.279857,0x4358db28,27.070774,54.301655,1017.5487,46.14421,131
2024-12-07 21:37:43.641295,0x4358db28,27.00153,54.487885,1017.5448,43.41009,137
2024-12-07 21:37:49.616150,0x4358db28,27.013985,54.263317,1017.55566,47.07812,125
2024-12-07 21:37:56.022480,0x4358db28,27.006308,54.119724,1017.5446,48.95648,113
2024-12-07 21:38:02.449516,0x4358db28,27.080988,53.855854,1017.5485,49.537796,109
2024-12-07 21:38:15.555192,0x4358db28,26.992977,54.933296,1017.5423,35.96943,150
2024-12-07 21:38:15.683393,0x4358db28,27.039244,54.350864,1017.53925,44.5208,143
2024-12-07 21:38:15.686304,0x4358db28,27.062168,54.075253,1017.5169,47.806423,126
2024-12-07 21:38:17.709067,0x4358db28,27.09209,53.89099,1017.54034,48.98522,114
2024-12-07 21:38:23.875254,0x4358db28,27.077147,53.839977,1017.51825,49.98293,105
2024-12-07 21:38:33.111125,0x4358db28,27.054298,54.003494,1017.5216,50.77374,99
2024-12-07 21:38:36.930238,0x4358db28,27.060953,54.014736,1017.52045,50.928696,95
2024-12-07 21:38:42.607688,0x4358db28,27.046883,54.03703,1017.5314,50.835606,94
2024-12-07 21:38:48.824974,0x4358db28,27.038292,53.9924,1017.5219,51.304485,92
2024-12-07 21:38:55.060171,0x4358db28,27.039282,53.960907,1017.5132,51.178604,91
2024-12-07 21:39:01.699177,0x4358db28,27.055986,53.94676,1017.51886,51.462696,90
2024-12-07 21:39:07.609763,0x4358db28,27.092052,53.968708,1017.5682,51.367653,90
2024-12-07 21:39:13.864770,0x4358db28,27.114025,53.8913,1017.5946,51.1159,90
2024-12-07 21:39:20.304294,0x4358db28,27.091444,53.996975,1017.5908,51.399296,90
2024-12-07 21:39:26.536958,0x4358db28,27.081244,53.943157,1017.5251,51.399296,90
2024-12-07 21:39:32.621390,0x4358db28,27.07872,53.89364,1017.5017,50.77374,91
2024-12-07 21:39:38.681932,0x4358db28,27.134148,53.76495,1017.5149,51.241463,91
2024-12-07 21:39:56.425620,0x4358db28,27.090992,54.428673,1017.496,36.00044,144
2024-12-07 21:39:58.015588,0x4358db28,27.106382,54.407776,1017.5095,34.512817,160
2024-12-07 21:39:58.493744,0x4358db28,27.08174,54.35847,1017.5181,38.524456,171
2024-12-07 21:40:04.434107,0x4358db28,27.153145,54.050415,1017.5098,42.012585,163
2024-12-07 21:40:15.181238,0x4358db28,27.12123,54.321743,1017.49506,36.696407,168
2024-12-07 21:40:17.006286,0x4358db28,27.119413,54.587658,1017.565,33.038376,186
2024-12-07 21:40:23.315539,0x4358db28,27.132627,54.295986,1017.50977,41.062447,171
2024-12-07 21:40:29.589782,0x4358db28,27.14723,54.120045,1017.5093,45.049095,149
2024-12-07 21:40:35.685414,0x4358db28,27.142488,54.019547,1017.5042,46.76429,131
2024-12-07 21:40:43.329638,0x4358db28,27.142601,54.09493,1017.48846,47.561165,120
2024-12-07 21:40:53.756897,0x4358db28,27.174932,53.986813,1017.49023,48.44483,109
2024-12-07 21:40:59.957804,0x4358db28,27.177608,53.988605,1017.4943,48.699314,106
2024-12-07 21:41:06.042157,0x4358db28,27.177835,53.94733,1017.48914,49.129433,103
2024-12-07 21:41:12.358092,0x4358db28,27.170458,53.96695,1017.48157,49.420433,102
2024-12-07 21:41:18.364715,0x4358db28,27.167444,53.7254,1017.47906,49.449722,100
2024-12-07 21:41:24.662956,0x4358db28,27.190748,53.522537,1017.53326,49.567226,99
2024-12-07 21:41:30.981237,0x4358db28,27.157282,54.011417,1017.46545,49.567226,99
2024-12-07 21:41:37.070369,0x4358db28,27.182041,54.152767,1017.4611,49.303616,99
2024-12-07 21:41:43.466157,0x4358db28,27.184946,54.105503,1017.4568,49.714893,99
2024-12-07 21:41:49.611560,0x4358db28,27.207642,53.894913,1017.4727,49.537796,99
2024-12-07 21:41:56.060717,0x4358db28,27.195032,54.19051,1017.4633,49.508404,99
2024-12-07 21:42:02.284544,0x4358db28,27.237715,54.129116,1017.53107,49.129433,100
2024-12-07 21:42:08.316467,0x4358db28,27.25036,53.997643,1017.5191,49.39117,100
2024-12-07 21:42:14.500883,0x4358db28,27.248785,53.72304,1017.50964,49.245422,99
2024-12-07 21:42:20.727851,0x4358db28,27.23286,53.847633,1017.4406,49.100525,100
2024-12-07 21:42:26.968258,0x4358db28,27.225296,53.966946,1017.4451,48.6709,101
2024-12-07 21:42:33.408861,0x4358db28,27.292885,53.717983,1017.42395,48.89909,101
2024-12-07 21:42:39.437296,0x4358db28,27.24998,53.980724,1017.44354,40.741962,117
2024-12-07 21:42:46.008984,0x4358db28,27.242481,53.967308,1017.45325,36.72868,136
2024-12-07 21:42:52.034407,0x4358db28,27.242533,53.92349,1017.44977,34.37079,155
2024-12-07 21:42:58.213454,0x4358db28,27.257895,53.83503,1017.4407,33.222363,171
2024-12-07 21:43:04.774454,0x4358db28,27.219858,53.895916,1017.4601,32.22262,184
2024-12-07 21:43:49.887527,0x4358db28,27.232649,53.799103,1017.45355,31.37529,196
2024-12-07 21:43:56.453087,0x4358db28,27.235123,53.901237,1017.444,30.956644,205
2024-12-07 21:44:02.388373,0x4358db28,27.229671,53.988426,1017.451,30.371279,212
2024-12-07 21:44:08.915841,0x4358db28,27.227541,53.971966,1017.4415,30.043533,218
2024-12-07 21:44:15.266481,0x4358db28,27.232218,54.009617,1017.45013,29.59639,224
2024-12-07 21:44:21.155105,0x4358db28,27.242722,53.999645,1017.46545,29.59639,227
2024-12-07 21:44:28.359243,0x4358db28,27.234932,53.94534,1017.4543,29.30562,230
2024-12-07 21:44:33.773073,0x4358db28,27.206865,53.953056,1017.44214,29.12169,233
2024-12-07 21:44:39.844998,0x4358db28,27.204601,54.136433,1017.45355,29.020506,235
2024-12-07 21:44:46.095195,0x4358db28,27.19758,54.289143,1017.4668,28.740887,237
2024-12-07 21:44:52.411871,0x4358db28,27.179358,54.48107,1017.46985,28.622692,239
2024-12-07 21:44:58.748615,0x4358db28,27.174284,54.534595,1017.4719,28.466606,241
2024-12-07 21:45:04.914152,0x4358db28,27.176903,54.489773,1017.46747,28.389194,242
2024-12-07 21:45:11.073118,0x4358db28,27.186975,54.407726,1017.4515,28.293028,243
2024-12-07 21:45:29.520180,0x4358db28,27.212318,54.344112,1017.4541,27.784771,246
2024-12-07 21:45:30.049049,0x4358db28,27.224854,54.425716,1017.4704,27.97087,246
2024-12-07 21:45:30.051130,0x4358db28,27.21975,54.473286,1017.4705,27.87751,246
2024-12-07 21:45:36.194776,0x4358db28,27.202389,54.563705,1017.46326,27.60113,247
2024-12-07 21:45:48.746110,0x4358db28,27.219923,54.447723,1017.4774,27.637665,248
2024-12-07 21:45:54.896134,0x4358db28,27.229988,54.460613,1017.44403,27.637665,248
2024-12-07 21:46:02.923279,0x4358db28,27.224985,54.53238,1017.46344,27.455956,249
2024-12-07 21:46:07.474777,0x4358db28,27.222538,54.51156,1017.4416,27.492107,249
2024-12-07 21:46:13.590471,0x4358db28,27.214634,54.65264,1017.46716,27.276623,250
2024-12-07 21:46:19.813691,0x4358db28,27.225191,54.625046,1017.4773,27.312302,250
2024-12-07 21:46:26.554317,0x4358db28,27.234808,54.63772,1017.46655,27.170143,250
2024-12-07 21:46:32.579370,0x4358db28,27.24001,54.677612,1017.468,27.24104,250
2024-12-07 21:46:38.603411,0x4358db28,27.23513,54.666924,1017.4682,27.029457,251
2024-12-07 21:46:45.144907,0x4358db28,27.230112,54.689777,1017.4597,27.099615,251
2024-12-07 21:46:51.161748,0x4358db28,27.229698,54.755,1017.4597,26.959656,251
2024-12-07 21:46:57.291928,0x4358db28,27.209547,54.75342,1017.4725,27.170143,251
2024-12-07 21:47:03.563074,0x4358db28,27.209688,54.818302,1017.46375,27.046963,251
2024-12-07 21:47:09.985484,0x4358db28,27.192282,54.769676,1017.4512,27.064491,251
2024-12-07 21:47:16.228468,0x4358db28,27.192017,54.68539,1017.465,27.064491,251
2024-12-07 21:47:22.365050,0x4358db28,27.17945,55.26442,1017.4629,27.082043,250
2024-12-07 21:47:29.016655,0x4358db28,27.193092,54.961594,1017.46857,26.924892,250
2024-12-07 21:47:34.793395,0x4358db28,27.18203,54.810345,1017.4621,31.211143,239
2024-12-07 21:47:41.190317,0x4358db28,27.239708,54.509323,1017.4594,34.48432,222
2024-12-07 21:47:47.734708,0x4358db28,27.204586,54.893295,1017.46747,31.094944,219
2024-12-07 21:47:53.535153,0x4358db28,27.161688,54.990723,1017.4731,29.617384,221
2024-12-07 21:47:59.886311,0x4358db28,27.159513,54.79162,1017.4567,28.900007,224
2024-12-07 21:48:06.507186,0x4358db28,27.166891,54.8963,1017.4747,28.197508,228
2024-12-07 21:48:12.600344,0x4358db28,27.166718,54.93966,1017.4747,27.80327,232
2024-12-07 21:48:19.319246,0x4358db28,27.15438,54.838173,1017.45154,27.74785,235
2024-12-07 21:48:25.021662,0x4358db28,27.141531,54.828472,1017.44586,27.52835,237
2024-12-07 21:48:31.512373,0x4358db28,27.126633,54.86395,1017.46375,27.52835,239
2024-12-07 21:48:37.378106,0x4358db28,27.118927,55.111885,1017.45245,27.365995,240
2024-12-07 21:48:43.524232,0x4358db28,27.126534,55.02706,1017.4811,27.205545,242
2024-12-07 21:48:49.957716,0x4358db28,27.156746,54.98528,1017.47675,27.383944,242
2024-12-07 21:48:56.049455,0x4358db28,27.159431,54.82698,1017.4549,27.205545,243
2024-12-07 21:49:02.295945,0x4358db28,27.156986,54.78196,1017.46277,27.170143,243
2024-12-07 21:49:08.537044,0x4358db28,27.156736,54.899376,1017.46106,27.011972,244
2024-12-07 21:49:14.788504,0x4358db28,27.149187,55.046093,1017.46735,27.082043,244
2024-12-07 21:49:21.044326,0x4358db28,27.126806,55.30595,1017.45856,26.959656,245
2024-12-07 21:49:27.370549,0x4358db28,27.131325,55.414207,1017.45294,26.701094,246
2024-12-07 21:49:33.545972,0x4358db28,27.151733,55.19867,1017.482,26.803925,246
2024-12-07 21:49:40.191662,0x4358db28,27.161888,55.121887,1017.4714,26.701094,246
2024-12-07 21:49:46.238616,0x4358db28,27.156828,55.086266,1017.4697,26.803925,246
2024-12-07 21:49:52.397415,0x4358db28,27.169487,55.12316,1017.45105,26.599052,247
2024-12-07 21:49:58.883799,0x4358db28,27.16918,55.10286,1017.45105,26.684032,247
2024-12-07 21:50:04.837262,0x4358db28,27.160387,55.023777,1017.4532,26.718176,247
2024-12-07 21:50:11.244240,0x4358db28,27.152313,54.938133,1017.5142,30.774143,235
2024-12-07 21:50:17.341734,0x4358db28,27.191917,54.728897,1017.4599,34.09021,220
2024-12-07 21:50:23.739326,0x4358db28,27.15966,54.911865,1017.4357,31.002605,216
2024-12-07 21:50:29.984971,0x4358db28,27.171633,54.875393,1017.4537,29.34681,218
2024-12-07 21:50:48.903373,0x4358db28,27.154108,54.967926,1017.4446,28.583511,221
2024-12-07 21:50:54.964604,0x4358db28,27.154348,54.97675,1017.4498,27.989618,225
2024-12-07 21:51:02.010385,0x4358db28,27.182213,54.996998,1017.44464,27.60113,228
2024-12-07 21:51:07.407599,0x4358db28,27.17445,55.10695,1017.44403,27.419903,231
2024-12-07 21:51:13.872578,0x4358db28,27.172049,55.03378,1017.44324,27.330177,233
2024-12-07 21:51:19.888522,0x4358db28,27.184412,54.904663,1017.4437,27.082043,236
2024-12-07 21:51:26.237689,0x4358db28,27.182096,54.9366,1017.4237,27.046963,237
2024-12-07 21:51:32.399092,0x4358db28,27.194607,54.87992,1017.4312,26.855633,239
2024-12-07 21:51:38.843180,0x4358db28,27.179598,54.919933,1017.449,26.786728,240
2024-12-07 21:51:44.863393,0x4358db28,27.202,54.91072,1017.4318,26.649975,241
2024-12-07 21:51:51.222343,0x4358db28,27.179407,54.88884,1017.42285,26.701094,241
2024-12-07 21:51:57.401492,0x4358db28,27.166834,54.9416,1017.4102,26.599052,242
2024-12-07 21:52:03.631049,0x4358db28,27.179821,54.844685,1017.442,26.821135,242
2024-12-07 21:52:10.047984,0x4358db28,27.1743,54.90226,1017.4406,26.786728,242
2024-12-07 21:52:16.316166,0x4358db28,27.18189,54.906445,1017.43585,26.821135,241
2024-12-07 21:52:22.381288,0x4358db28,27.181915,54.933434,1017.4325,26.632978,242
2024-12-07 21:52:29.438191,0x4358db28,27.130087,54.992653,1017.43933,26.75241,241
2024-12-07 21:52:35.262089,0x4358db28,27.172031,54.647533,1017.44403,34.258007,215
2024-12-07 21:52:41.424832,0x4358db28,27.17825,54.623447,1017.4283,37.929623,186
2024-12-07 21:52:47.673259,0x4358db28,27.171993,54.669666,1017.43536,40.03884,164
2024-12-07 21:52:54.013239,0x4358db28,27.177683,54.594482,1017.44214,41.51144,149
2024-12-07 21:53:00.132708,0x4358db28,27.18574,54.59083,1017.4289,42.35346,139
2024-12-07 21:53:06.378810,0x4358db28,27.2,54.687447,1017.4249,43.230343,131
2024-12-07 21:53:13.103467,0x4358db28,27.23083,54.728466,1017.4502,43.36502,127
2024-12-07 21:53:18.874140,0x4358db28,27.223228,54.838882,1017.4287,43.820053,124
2024-12-07 21:53:25.282189,0x4358db28,27.19251,54.926388,1017.4314,44.097687,121
2024-12-07 21:53:31.643363,0x4358db28,27.200834,54.86113,1017.4963,44.426075,119
2024-12-07 21:53:37.790596,0x4358db28,27.185287,54.965305,1017.4845,44.711464,117
2024-12-07 21:53:43.902495,0x4358db28,27.193304,55.020832,1017.4923,44.75939,116
2024-12-07 21:53:50.399775,0x4358db28,27.169472,55.10557,1017.478,44.952106,115
2024-12-07 21:53:56.402729,0x4358db28,27.13577,55.23685,1017.43146,44.80742,115
2024-12-07 21:54:02.932263,0x4358db28,27.169016,55.20028,1017.4912,44.61593,115
2024-12-07 21:54:09.293635,0x4358db28,27.147608,55.34227,1017.42584,44.473385,115
2024-12-07 21:54:15.170287,0x4358db28,27.212276,55.14009,1017.41583,44.663647,115
2024-12-07 21:54:21.669964,0x4358db28,27.179771,55.6164,1017.43677,37.386314,129
2024-12-07 21:54:27.888931,0x4358db28,27.147419,55.66933,1017.4466,36.988937,151
2024-12-07 21:54:34.825371,0x4358db28,27.213474,55.32354,1017.4211,39.6963,149
2024-12-07 21:54:40.537698,0x4358db28,27.121782,55.318726,1017.42285,37.826546,157
2024-12-07 21:54:46.554910,0x4358db28,27.187265,55.028595,1017.4306,40.03884,152
2024-12-07 21:54:52.891581,0x4358db28,27.146502,55.357975,1017.4162,34.77145,160
2024-12-07 21:54:58.980760,0x4358db28,27.12163,55.4823,1017.4273,32.12347,171
2024-12-07 21:55:05.210909,0x4358db28,27.128904,55.444847,1017.42633,30.45989,183
2024-12-07 21:55:11.767189,0x4358db28,27.129457,55.490982,1017.42975,29.59639,193
2024-12-07 21:55:17.723831,0x4358db28,27.11964,55.572826,1017.41187,32.779045,198
2024-12-07 21:55:24.350370,0x4358db28,27.194382,55.318897,1017.4156,35.84593,189
2024-12-07 21:55:30.189214,0x4358db28,27.174507,55.493248,1017.4197,32.197773,191
2024-12-07 21:55:36.636788,0x4358db28,27.15453,55.450844,1017.415,30.195595,197
2024-12-07 21:55:42.722147,0x4358db28,27.161537,55.483566,1017.41034,28.980228,204
2024-12-07 21:55:49.229488,0x4358db28,27.156878,55.48628,1017.4194,28.31221,211
2024-12-07 21:55:55.781654,0x4358db28,27.16948,55.419956,1017.4058,27.766294,216
2024-12-07 21:56:13.434555,0x4358db28,27.225224,54.59656,1017.4443,25.68297,242
2024-12-07 21:56:13.458667,0x4358db28,27.222298,54.279594,1017.43115,25.746305,243
2024-12-07 21:56:13.481607,0x4358db28,27.214882,54.525524,1017.42365,25.730446,243
2024-12-07 21:56:14.525781,0x4358db28,27.217102,54.670464,1017.43317,25.651419,243
2024-12-07 21:56:20.690043,0x4358db28,27.207365,54.726757,1017.45087,25.667183,243
2024-12-07 21:56:32.057524,0x4358db28,27.118364,55.019444,1017.4379,25.588547,243
2024-12-07 21:56:33.409222,0x4358db28,27.188034,54.56654,1017.51324,33.06454,216
2024-12-07 21:56:39.910038,0x4358db28,27.172792,54.50362,1017.4528,36.696407,188
2024-12-07 21:56:47.646253,0x4358db28,27.172716,54.51407,1017.43536,38.66714,168
2024-12-07 21:56:53.197373,0x4358db28,27.22097,54.547493,1017.494,39.924007,153
2024-12-07 21:57:02.479270,0x4358db28,27.185965,54.637516,1017.4324,41.429077,139
2024-12-07 21:57:08.634409,0x4358db28,27.198011,54.512066,1017.41016,42.13977,133
2024-12-07 21:57:15.377850,0x4358db28,27.24122,54.446075,1017.47253,42.439545,129
2024-12-07 21:57:20.896779,0x4358db28,27.204777,54.531883,1017.40234,42.83129,126
2024-12-07 21:57:27.115310,0x4358db28,27.225143,54.458023,1017.4922,43.0965,124
2024-12-07 21:57:33.674005,0x4358db28,27.238699,54.36857,1017.5135,43.682545,121
2024-12-07 21:57:39.600157,0x4358db28,27.217426,54.386158,1017.4306,43.636894,120
2024-12-07 21:57:46.009065,0x4358db28,27.297821,54.125786,1017.4186,43.866077,119
2024-12-07 21:57:52.252215,0x4358db28,27.237488,54.539673,1017.41693,36.825848,131
2024-12-07 21:57:58.731115,0x4358db28,27.244843,54.658096,1017.41754,33.248814,147
2024-12-07 21:58:04.899090,0x4358db28,27.2661,54.55585,1017.41187,31.16456,163
2024-12-07 21:58:11.131759,0x4358db28,27.220554,54.540974,1017.39484,33.596546,178
2024-12-07 21:58:17.030454,0x4358db28,27.298153,54.26857,1017.3924,36.440235,173
2024-12-07 21:58:23.422217,0x4358db28,27.237488,54.543324,1017.4064,32.523758,178
2024-12-07 21:58:29.517422,0x4358db28,27.212276,54.528152,1017.3985,30.549019,185
2024-12-07 21:58:35.929168,0x4358db28,27.245266,54.503433,1017.41406,29.142017,194
2024-12-07 21:58:42.832877,0x4358db28,27.23453,54.613083,1017.3917,28.254742,202
2024-12-07 21:58:48.253778,0x4358db28,27.25787,54.472668,1017.39014,27.914778,209
2024-12-07 21:58:54.828156,0x4358db28,27.267883,54.315895,1017.3848,27.330177,215
2024-12-07 21:59:01.218027,0x4358db28,27.252535,54.211025,1017.3885,27.152477,219
2024-12-07 21:59:07.011173,0x4358db28,27.270115,54.193985,1017.39935,26.821135,223
2024-12-07 21:59:13.251595,0x4358db28,27.283203,54.290764,1017.3807,26.548323,227
2024-12-07 21:59:19.511700,0x4358db28,27.270239,54.329132,1017.39935,26.330711,230
2024-12-07 21:59:25.994493,0x4358db28,27.272982,54.207237,1017.4088,26.231476,232
2024-12-07 21:59:31.987589,0x4358db28,27.238625,54.138798,1017.4144,30.130236,224
2024-12-07 21:59:38.223394,0x4358db28,27.297962,53.850727,1017.3664,33.14326,211
2024-12-07 21:59:44.500304,0x4358db28,27.303074,54.091324,1017.3958,30.283186,209
2024-12-07 21:59:50.727926,0x4358db28,27.29325,54.14098,1017.3736,28.427847,211
2024-12-07 21:59:56.980628,0x4358db28,27.259823,54.219933,1017.4084,27.5829,215
2024-12-07 22:00:03.235528,0x4358db28,27.250154,54.198162,1017.4001,27.011972,220
2024-12-07 22:00:09.606409,0x4358db28,27.240034,54.150063,1017.3968,26.718176,223
2024-12-07 22:00:15.821556,0x4358db28,27.227377,54.439163,1017.398,26.48098,226
2024-12-07 22:00:22.009894,0x4358db28,27.229765,54.400433,1017.4006,26.231476,229
2024-12-07 22:00:34.524358,0x4358db28,27.219683,54.40764,1017.4096,25.954327,233
2024-12-07 22:00:40.940550,0x4358db28,27.230219,54.317993,1017.41797,25.778093,235
2024-12-07 22:00:47.011038,0x4358db28,27.26259,54.29886,1017.36566,25.68297,236
2024-12-07 22:00:53.333700,0x4358db28,27.257704,54.3233,1017.3849,25.68297,237
2024-12-07 22:00:59.955539,0x4358db28,27.254917,54.350246,1017.41547,25.588547,238
2024-12-07 22:01:05.744348,0x4358db28,27.303158,54.315723,1017.4027,25.47926,239
2024-12-07 22:01:12.112957,0x4358db28,27.277828,54.53062,1017.407,25.38633,239
2024-12-07 22:01:18.459815,0x4358db28,27.232613,54.74578,1017.39795,25.263466,241
2024-12-07 22:01:24.713809,0x4358db28,27.274082,54.558437,1017.4027,31.951424,218
2024-12-07 22:01:30.979585,0x4358db28,27.2559,54.51541,1017.40405,35.7845,191
2024-12-07 22:01:37.136464,0x4358db28,27.240427,54.459084,1017.3785,37.998646,170
2024-12-07 22:01:43.837317,0x4358db28,27.236252,54.40447,1017.4083,39.359577,155
2024-12-07 22:01:49.621978,0x4358db28,27.228273,54.50772,1017.3884,40.34832,145
2024-12-07 22:01:56.215470,0x4358db28,27.258612,54.329212,1017.4119,40.901577,138
2024-12-07 22:02:02.232256,0x4358db28,27.256014,54.074512,1017.3728,41.760513,133
2024-12-07 22:02:08.567560,0x4358db28,27.275656,53.903656,1017.3931,42.097286,129
2024-12-07 22:02:14.744879,0x4358db28,27.281233,53.828896,1017.3912,42.48272,126
2024-12-07 22:02:21.058972,0x4358db28,27.280853,54.00187,1017.41724,42.69991,124
2024-12-07 22:02:27.137615,0x4358db28,27.268282,53.925713,1017.4778,42.919334,123
2024-12-07 22:02:33.757246,0x4358db28,27.258875,53.64185,1017.4972,43.320026,121
2024-12-07 22:02:39.627670,0x4358db28,27.20584,54.019176,1017.4231,43.455265,120
2024-12-07 22:02:46.036846,0x4358db28,27.207718,53.960125,1017.4744,43.455265,119
2024-12-07 22:02:52.279726,0x4358db28,27.26506,53.72414,1017.41187,43.591347,119
2024-12-07 22:02:58.350758,0x4358db28,27.239985,53.981125,1017.4089,36.66419,131
2024-12-07 22:03:04.696088,0x4358db28,27.227417,54.028084,1017.4259,33.169586,146
2024-12-07 22:03:10.949220,0x4358db28,27.242357,53.888924,1017.4463,31.257864,161
2024-12-07 22:03:17.272091,0x4358db28,27.232985,53.938198,1017.45886,29.935848,174
2024-12-07 22:03:23.432978,0x4358db28,27.205349,53.964977,1017.4493,32.47318,186
2024-12-07 22:03:29.755516,0x4358db28,27.252384,53.71705,1017.4494,35.450348,180
2024-12-07 22:03:36.014544,0x4358db28,27.219824,54.00828,1017.4566,31.902603,183
2024-12-07 22:03:42.576356,0x4358db28,27.174574,54.268692,1017.4406,29.871607,190
2024-12-07 22:03:48.492390,0x4358db28,27.146677,54.531204,1017.4545,28.544437,197
2024-12-07 22:03:54.830234,0x4358db28,27.14907,54.576218,1017.46893,27.784771,205
2024-12-07 22:04:00.930594,0x4358db28,27.149477,54.592037,1017.4499,27.294453,211
2024-12-07 22:06:52.509783,0x4358db28,27.177372,54.16537,1017.4554,26.29755,226
2024-12-07 22:06:52.593175,0x4358db28,27.171774,54.14747,1017.45544,25.906023,229
2024-12-07 22:06:52.598926,0x4358db28,27.184727,54.120064,1017.468,25.938206,231
2024-12-07 22:06:56.711696,0x4358db28,27.189295,54.158028,1017.46967,25.698776,233
2024-12-07 22:07:02.945808,0x4358db28,27.199781,54.051376,1017.47107,25.68297,234
2024-12-07 22:07:35.135949,0x4358db28,27.199532,54.043568,1017.47974,25.57288,235
2024-12-07 22:07:39.375286,0x4358db28,27.182156,54.07981,1017.46027,25.417233,236
2024-12-07 22:07:49.127995,0x4358db28,27.116201,54.30857,1017.4658,25.38633,237
2024-12-07 22:07:52.074797,0x4358db28,27.147797,54.088737,1017.4745,32.04951,215
2024-12-07 22:08:03.282115,0x4358db28,27.182613,53.828766,1017.4837,37.219707,177
2024-12-07 22:08:09.374329,0x4358db28,27.18574,53.717327,1017.52277,38.77485,161
2024-12-07 22:08:15.966938,0x4358db28,27.180733,53.72554,1017.5421,39.80983,149
2024-12-07 22:08:21.879444,0x4358db28,27.154947,53.72716,1017.4803,40.662617,141
2024-12-07 22:08:28.285169,0x4358db28,27.165564,53.643753,1017.4747,41.183933,136
2024-12-07 22:08:34.147158,0x4358db28,27.16733,53.47901,1017.4878,41.760513,132
2024-12-07 22:08:40.482972,0x4358db28,27.237545,53.177757,1017.49347,41.928223,130
2024-12-07 22:08:46.736693,0x4358db28,27.217361,53.43269,1017.4906,35.69274,140
2024-12-07 22:08:52.823152,0x4358db28,27.197163,53.5758,1017.50854,32.32238,154
2024-12-07 22:08:59.231488,0x4358db28,27.18971,53.754677,1017.4889,30.283186,169
2024-12-07 22:09:05.309885,0x4358db28,27.186884,53.8469,1017.4915,29.060898,181
2024-12-07 22:09:11.543799,0x4358db28,27.182081,54.070717,1017.50037,28.083733,192
2024-12-07 22:09:17.967944,0x4358db28,27.204601,54.13649,1017.49536,27.455956,201
2024-12-07 22:09:24.197875,0x4358db28,27.217228,54.08965,1017.49927,26.769558,209
2024-12-07 22:09:30.373529,0x4358db28,27.224735,53.89207,1017.50696,26.582119,215
2024-12-07 22:09:37.161841,0x4358db28,27.227367,53.601944,1017.4954,26.363958,220
2024-12-07 22:09:42.872488,0x4358db28,27.237595,53.593624,1017.5091,26.149347,223
2024-12-07 22:09:49.186939,0x4358db28,27.24496,53.645557,1017.5202,26.00281,226
2024-12-07 22:09:55.285574,0x4358db28,27.239958,53.65873,1017.50287,25.794014,229
2024-12-07 22:10:01.529557,0x4358db28,27.252768,53.543198,1017.5103,25.604239,231
2024-12-07 22:10:07.776103,0x4358db28,27.262764,53.55816,1017.51355,25.417233,233
2024-12-07 22:10:14.461788,0x4358db28,27.28284,53.502125,1017.5009,25.340117,234
2024-12-07 22:10:20.269887,0x4358db28,27.297838,53.390324,1017.4934,25.3094,235
2024-12-07 22:10:26.499244,0x4358db28,27.318195,53.225346,1017.4702,25.278757,236
2024-12-07 22:10:34.031226,0x4358db28,27.344248,53.164055,1017.48145,25.051294,237
2024-12-07 22:10:39.242368,0x4358db28,27.353495,53.037487,1017.4796,25.021275,238
2024-12-07 22:10:45.304898,0x4358db28,27.370789,52.88934,1017.4851,24.887074,239
2024-12-07 22:10:51.740914,0x4358db28,27.393803,52.822746,1017.47473,25.006292,239
2024-12-07 22:10:57.971287,0x4358db28,27.391373,52.81261,1017.4652,24.961454,239
2024-12-07 22:11:04.392379,0x4358db28,27.413877,52.73553,1017.476,24.901915,240
2024-12-07 22:11:10.750724,0x4358db28,27.404247,52.724518,1017.4727,24.961454,240
2024-12-07 22:11:16.662007,0x4358db28,27.429115,52.70305,1017.4755,24.754303,240
2024-12-07 22:11:23.069371,0x4358db28,27.434002,52.86612,1017.47186,24.622944,241
