2024-12-07 13:30:21.478676,0x433bc2b0,20.495691,24.748518,917.99365,182.23541,284,7.25,3,-80,3
2024-12-07 13:31:02.308830,0x433aad0c,22.577421,23.755402,917.69653,249.95796,184,5.75,3,-45,3
2024-12-07 13:31:19.149443,0x433bc2b0,20.576487,26.024878,917.99274,187.19458,274,3.0,3,-79,3
2024-12-07 13:32:19.225258,0x433bc2b0,20.740486,23.813734,918.0013,206.7949,257,4.0,3,-77,3
2024-12-07 13:33:19.487054,0x433bc2b0,20.990562,24.457794,917.9632,219.22855,247,3.25,3,-78,3
2024-12-07 13:34:02.653834,0x433aad0c,22.741795,21.933079,917.6918,295.48233,166,6.0,3,-50,3
2024-12-07 13:34:19.314575,0x433bc2b0,20.912178,23.159834,917.9579,240.34946,232,3.75,3,-78,3
2024-12-07 13:35:19.915710,0x433bc2b0,20.892094,23.01389,917.94794,248.07655,224,3.0,3,-79,3
2024-12-07 13:36:19.554759,0x433bc2b0,21.121742,23.423492,917.9423,250.7007,218,4.25,3,-76,3
2024-12-07 13:37:02.811713,0x433aad0c,23.37408,19.99316,917.6806,333.47974,150,7.25,3,-41,3
2024-12-07 13:37:19.306021,0x433bc2b0,21.344046,23.149385,917.9425,264.06876,209,2.5,3,-80,3
2024-12-07 13:38:19.353811,0x433bc2b0,21.45514,23.505344,917.9339,272.304,202,3.5,3,-75,3
2024-12-07 13:39:19.360325,0x433bc2b0,21.457664,22.73064,917.9309,289.91034,194,5.75,3,-75,3
2024-12-07 13:40:02.221637,0x433aad0c,23.676226,22.38479,917.6276,345.73233,144,6.0,3,-41,3
2024-12-07 13:40:19.509619,0x433bc2b0,21.81563,22.75168,918.4325,291.43823,190,3.75,3,-82,3
2024-12-07 13:41:19.501070,0x433bc2b0,21.682264,22.823732,917.8899,307.93726,184,0.5,3,-88,3
2024-12-07 13:42:19.533257,0x433bc2b0,22.025764,24.413252,917.90454,293.24118,186,5.5,3,-74,3
2024-12-07 13:43:02.533405,0x433aad0c,23.644781,22.976307,917.61206,319.87628,140,6.25,3,-39,3
2024-12-07 13:43:19.751731,0x433bc2b0,22.172243,25.785204,917.91284,284.19907,185,4.5,3,-76,3
2024-12-07 13:51:45.528020,0x433ad35c,24.112303,26.22036,916.79565,74.441666,94,4.75,3,-80,3
2024-12-07 13:51:49.523386,0x433aad0c,24.629116,24.086666,917.52124,333.14243,124,6.0,3,-47,3
2024-12-07 13:52:17.701962,0x433b0098,19.001146,30.534178,917.9674,20.070171,152,5.5,2,-80,2
2024-12-07 13:52:25.336239,0x433bc2b0,23.0315,25.439802,917.8743,335.3233,151,5.0,2,-77,3
2024-12-07 13:52:58.761076,0x433ad35c,24.287647,24.133114,916.7777,83.04601,33,4.0,3,-81,3
2024-12-07 13:53:17.513666,0x433b0098,19.286255,30.710632,918.0152,30.982927,179,5.0,2,-75,2
2024-12-07 13:53:20.929032,0x433bc2b0,23.267109,25.264168,917.85425,342.94824,148,6.0,3,-77,3
2024-12-07 13:53:58.710834,0x433ad35c,24.252638,23.721357,916.76715,89.31038,10,4.75,3,-83,3
2024-12-07 13:54:18.113259,0x433b0098,19.300919,30.478737,918.00183,41.28028,218,6.0,2,-77,2
2024-12-07 13:55:00.166439,0x433ad35c,24.375242,23.069109,916.7646,95.39117,,4.75,3,-83,3
2024-12-07 13:55:03.719170,0x433aad0c,25.03615,23.469683,917.54565,350.5158,117,6.5,3,-48,3
2024-12-07 13:55:17.688767,0x433b0098,19.577066,30.802208,917.9558,49.597343,267,6.5,2,-78,2
2024-12-07 13:55:25.069321,0x433bc2b0,23.473063,24.379808,917.8481,361.6375,164,6.5,3,-81,3
2024-12-07 13:55:58.769163,0x433ad35c,24.23259,21.88282,916.7376,102.89168,,4.0,3,-82,3
2024-12-07 13:56:17.604622,0x433b0098,19.909557,29.452457,917.9689,59.410645,318,5.5,2,-76,2
2024-12-07 13:56:25.262976,0x433bc2b0,23.55759,24.356161,917.8624,360.45886,162,-1.25,3,-92,3
2024-12-07 13:56:58.754711,0x433ad35c,24.019583,22.144955,916.76154,107.22257,,4.0,3,-84,3
2024-12-07 13:57:17.827128,0x433b0098,20.084276,27.185778,917.941,69.09187,304,6.25,2,-73,2
2024-12-07 13:57:24.797458,0x433bc2b0,23.664698,23.989517,917.838,381.40588,156,6.25,3,-80,3
2024-12-07 13:57:58.753549,0x433ad35c,24.55066,21.203985,916.74304,111.0469,,5.0,3,-83,3
2024-12-07 13:58:02.761929,0x433aad0c,26.102892,22.274988,917.5349,356.9744,112,6.75,3,-43,3
2024-12-07 13:58:17.713606,0x433b0098,20.155224,28.22212,917.93677,75.38867,292,6.0,2,-77,2
2024-12-07 13:58:24.803224,0x433bc2b0,23.864017,22.839594,917.81366,399.95587,150,6.0,3,-79,3
2024-12-07 13:58:58.912008,0x433ad35c,25.295208,21.26567,916.7207,111.48872,,4.25,3,-82,3
2024-12-07 13:59:17.664043,0x433b0098,20.23845,28.741932,917.92474,81.50599,279,5.0,2,-76,2
2024-12-07 13:59:24.799711,0x433bc2b0,23.818678,23.070631,917.79,417.28073,144,3.25,3,-85,3
2024-12-07 13:59:58.825193,0x433ad35c,25.367617,22.061037,916.67847,111.93409,,4.75,3,-82,3
2024-12-07 14:00:17.733276,0x433b0098,20.216452,28.314568,917.8988,89.74155,266,6.5,2,-74,2
2024-12-07 14:00:25.336481,0x433bc2b0,23.858704,22.383549,917.75446,428.6876,141,4.75,3,-83,3
2024-12-07 14:01:01.166845,0x433ad35c,25.620764,22.067417,916.67474,113.44467,,4.5,3,-83,3
2024-12-07 14:01:03.809367,0x433aad0c,25.73658,23.24559,917.43677,386.6728,102,5.75,3,-39,3
2024-12-07 14:01:17.703311,0x433b0098,20.408844,27.530903,917.9095,96.64948,256,6.0,2,-74,2
2024-12-07 14:01:24.824534,0x433bc2b0,23.900982,21.344881,917.7587,452.5675,134,6.5,3,-70,3
2024-12-07 14:01:58.875392,0x433ad35c,25.738546,20.37123,916.6892,120.08928,,3.75,3,-85,3
2024-12-07 14:02:17.722254,0x433b0098,20.54376,26.926416,917.8717,103.46414,247,6.0,2,-73,2
2024-12-07 14:02:25.382580,0x433bc2b0,24.193798,21.084192,917.7527,460.91974,133,6.5,3,-72,3
2024-12-07 14:02:58.943907,0x433ad35c,25.330103,20.529095,916.6401,124.907135,,5.0,3,-84,3
2024-12-07 14:03:18.314995,0x433b0098,20.74929,26.174232,917.90125,113.33109,236,5.25,2,-74,2
2024-12-07 14:03:24.881637,0x433bc2b0,24.759886,20.406984,918.3042,458.41306,133,5.5,3,-73,3
2024-12-07 14:03:59.366518,0x433ad35c,25.70612,20.771357,916.6674,124.7218,,3.75,3,-84,3
2024-12-07 14:04:02.808213,0x433aad0c,26.182236,19.957651,917.41864,463.84656,83,5.75,3,-45,3
2024-12-07 14:04:17.923891,0x433b0098,20.913862,26.088175,917.89606,119.76579,228,7.0,2,-74,2
2024-12-07 14:04:24.895403,0x433bc2b0,23.941988,21.901152,917.7353,489.35095,123,5.25,3,-73,3
2024-12-07 14:04:58.953620,0x433ad35c,25.986376,20.8381,916.6583,126.982635,,4.0,3,-85,3
2024-12-07 14:05:17.830552,0x433b0098,20.80938,26.320946,917.8971,126.4045,221,5.0,2,-73,2
2024-12-07 14:05:24.910116,0x433bc2b0,23.982763,21.376123,918.2445,494.37363,119,5.25,3,-72,3
2024-12-07 14:05:58.996534,0x433ad35c,26.26728,20.699562,916.6526,125.56012,,3.5,3,-84,3
2024-12-07 14:06:17.873247,0x433b0098,20.959023,26.84013,917.8664,128.62042,216,6.0,2,-74,2
2024-12-07 14:06:24.982126,0x433bc2b0,23.689,21.603533,917.692,508.15793,116,5.25,3,-72,3
2024-12-07 14:07:00.734176,0x433ad35c,26.495329,20.811987,916.65515,125.27943,,3.0,3,-85,3
2024-12-07 14:07:04.037171,0x433aad0c,26.475412,22.130308,917.4188,429.6089,87,6.75,3,-44,3
2024-12-07 14:07:17.814522,0x433b0098,21.048084,26.643314,917.85376,133.71632,209,5.5,2,-73,2
2024-12-07 14:07:24.987796,0x433bc2b0,24.176685,21.087164,918.23944,510.85272,113,7.25,3,-71,3
2024-12-07 14:07:59.155234,0x433ad35c,26.36179,20.221884,916.6348,127.07862,,3.75,3,-84,3
2024-12-07 14:08:25.311965,0x433bc2b0,24.222597,21.553316,917.72046,506.6308,115,5.75,3,-71,3
2024-12-07 14:08:59.664332,0x433ad35c,26.237358,19.82703,916.6296,133.85748,,5.0,3,-84,3
2024-12-07 14:09:25.155404,0x433bc2b0,24.164373,21.590181,917.7016,521.1171,111,6.75,3,-72,3
2024-12-07 14:09:59.155060,0x433ad35c,26.259802,20.339647,916.61847,130.12772,,3.75,3,-85,3
2024-12-07 14:10:02.822574,0x433aad0c,26.173512,20.488955,917.36206,490.35208,74,6.0,3,-43,3
2024-12-07 14:10:25.084697,0x433bc2b0,24.156723,21.355547,917.71454,526.8169,108,5.25,3,-73,3
2024-12-07 14:10:46.465478,0x433b0098,21.294739,24.76749,917.8117,161.63794,207,5.5,2,-73,2
2024-12-07 14:10:59.085936,0x433ad35c,26.074352,20.461237,916.6084,134.82358,,4.25,3,-85,3
2024-12-07 14:11:25.120352,0x433bc2b0,24.260323,21.104294,917.68097,536.02985,106,5.5,3,-72,3
2024-12-07 14:12:25.105519,0x433bc2b0,24.310707,21.174835,917.65204,542.93524,104,4.75,3,-75,3
2024-12-07 14:13:03.758860,0x433aad0c,25.86835,20.476858,917.3115,504.01404,70,7.25,3,-43,3
2024-12-07 14:13:25.951580,0x433bc2b0,24.310858,21.184298,917.6295,549.12506,101,4.75,3,-74,3
2024-12-07 14:13:45.074966,0x433b0098,21.287128,26.070961,917.76044,168.74998,199,6.0,2,-74,2
2024-12-07 14:14:25.242814,0x433bc2b0,24.108898,21.451097,917.6023,564.76184,97,5.0,3,-72,3
2024-12-07 14:14:33.590327,0x433ad35c,26.179796,19.746078,916.5325,140.10416,,5.0,3,-81,3
2024-12-07 14:15:25.184577,0x433bc2b0,24.171265,21.432056,917.6046,567.6142,95,6.25,3,-73,3
2024-12-07 14:16:02.874862,0x433aad0c,25.751179,21.88129,917.2827,496.90466,69,6.75,3,-42,3
2024-12-07 14:16:25.184621,0x433bc2b0,24.260246,21.346363,917.5947,563.3464,96,7.0,3,-75,3
2024-12-07 14:16:45.421508,0x433b0098,21.335255,24.874514,917.7483,187.618,187,6.5,2,-74,2
2024-12-07 14:17:25.869301,0x433bc2b0,24.187172,21.126804,917.61523,581.8167,91,5.0,3,-73,3
2024-12-07 14:17:35.971983,0x433ad35c,26.493162,20.289705,916.5361,138.94627,,4.75,3,-83,3
2024-12-07 14:18:25.315394,0x433bc2b0,24.330982,21.10824,917.62726,578.82025,92,5.25,3,-72,3
2024-12-07 14:19:02.854835,0x433aad0c,25.501278,22.057312,917.2863,506.30154,66,6.25,3,-42,3
2024-12-07 14:19:06.228750,0x433abf20,25.564978,20.557228,917.2752,21.783525,65,-10.75,3,-101,3
2024-12-07 14:19:25.232882,0x433bc2b0,24.26782,21.089163,917.6165,592.5532,87,5.5,3,-73,3
2024-12-07 14:19:44.883921,0x433b0098,21.4507,24.334156,917.7484,206.66609,179,5.75,2,-74,2
2024-12-07 14:20:06.892318,0x433abf20,25.672585,20.812399,917.2648,42.398144,116,-9.75,3,-102,3
2024-12-07 14:20:25.419052,0x433bc2b0,24.161848,21.78348,917.63257,597.27686,84,6.75,3,-74,3
2024-12-07 14:20:33.703536,0x433ad35c,26.25475,19.577127,916.5453,146.19565,,5.25,3,-83,3
2024-12-07 14:21:06.189176,0x433abf20,25.249107,20.80198,917.29553,62.09071,201,-12.25,3,-102,3
2024-12-07 14:22:03.887742,0x433aad0c,24.873653,23.14887,917.3321,516.0606,64,6.5,3,-43,3
2024-12-07 14:22:28.143243,0x433abf20,24.907158,21.639442,917.2864,79.4291,270,-10.25,3,-101,3
2024-12-07 14:22:45.046615,0x433b0098,21.75552,26.471775,917.77124,198.74359,177,6.75,2,-74,2
2024-12-07 14:23:28.384141,0x433abf20,24.717604,21.179506,917.2986,97.50523,243,-10.0,3,-101,3
2024-12-07 14:23:35.613567,0x433ad35c,25.93181,20.515697,916.5206,149.04698,,4.0,3,-81,3
2024-12-07 14:24:27.956328,0x433abf20,24.988838,21.682915,917.2974,106.44491,185,-12.5,3,-102,3
2024-12-07 14:25:01.804826,0x433bc2b0,23.84623,21.608881,917.61975,616.3854,79,5.5,3,-73,3
2024-12-07 14:25:06.026265,0x433aad0c,24.628353,23.102133,917.263,536.7527,59,5.75,3,-43,3
2024-12-07 14:25:28.573153,0x433abf20,25.067966,21.92896,917.29956,116.78832,131,-10.75,3,-102,3
2024-12-07 14:25:44.977873,0x433b0098,22.038265,25.700655,917.7761,206.66609,171,6.75,2,-74,2
2024-12-07 14:26:28.548545,0x433abf20,24.93526,21.916054,917.2758,124.81716,89,-10.75,3,-102,3
2024-12-07 14:26:33.970541,0x433ad35c,25.344456,20.583054,916.4852,153.96063,,3.75,3,-81,3
2024-12-07 14:27:28.251417,0x433abf20,24.695591,21.376339,917.2485,138.60313,50,-11.25,3,-102,3
2024-12-07 14:28:02.358063,0x433bc2b0,24.500153,21.491373,917.6496,601.0032,82,6.25,3,-74,3
2024-12-07 14:28:05.567993,0x433aad0c,24.93182,23.098614,917.3109,535.8932,57,5.5,3,-48,3
2024-12-07 14:28:28.171738,0x433abf20,24.629145,22.029154,917.22906,143.61852,38,-11.25,3,-103,3
2024-12-07 14:28:44.964580,0x433b0098,21.989761,24.224215,917.7631,236.07428,158,5.5,2,-76,2
2024-12-07 14:29:28.024369,0x433abf20,24.15457,21.190353,917.2183,156.52707,9,-11.5,3,-101,3
2024-12-07 14:29:35.526619,0x433ad35c,24.958836,20.179552,916.45734,161.97012,,3.5,3,-82,3
2024-12-07 14:30:28.109960,0x433abf20,23.69797,21.950594,917.2372,164.20782,5,-9.75,3,-101,3
2024-12-07 14:31:02.412411,0x433bc2b0,23.795767,22.536844,917.56946,614.69977,75,7.0,3,-74,3
2024-12-07 14:31:04.426464,0x433aad0c,24.39442,23.635105,917.25116,535.03644,57,7.75,3,-45,3
2024-12-07 14:31:28.064335,0x433abf20,23.511652,22.257483,917.2224,169.25621,,-11.75,3,-103,3
2024-12-07 14:31:46.531014,0x433b0098,22.24043,25.387403,917.7861,239.82826,155,6.25,2,-73,2
2024-12-07 14:32:28.070920,0x433abf20,23.225649,22.78269,917.2353,173.91304,,-12.25,3,-102,3
2024-12-07 14:32:34.235138,0x433ad35c,24.91331,21.490194,916.5032,156.83302,,4.25,3,-82,3
2024-12-07 14:33:28.261876,0x433abf20,22.830435,23.109896,917.22974,181.11072,,-12.75,3,-103,3
2024-12-07 14:34:01.893732,0x433bc2b0,24.000326,21.768734,917.6335,625.53394,74,6.75,3,-71,3
2024-12-07 14:34:06.707056,0x433aad0c,24.276802,24.324957,917.29803,522.09875,58,7.25,3,-42,3
2024-12-07 14:34:28.659424,0x433abf20,22.667154,23.620716,917.22797,184.04027,,-10.25,3,-101,3
2024-12-07 14:34:45.013019,0x433b0098,21.738539,26.714388,917.76514,236.41069,154,5.0,2,-72,2
2024-12-07 14:35:28.131229,0x433abf20,22.254047,24.168743,917.2057,193.13467,,-10.5,3,-101,3
2024-12-07 14:35:35.993310,0x433ad35c,24.930733,22.994638,916.55554,149.44446,,4.75,3,-81,3
2024-12-07 14:36:28.181740,0x433abf20,22.259226,24.423054,917.26685,197.83617,,-13.0,3,-103,3
2024-12-07 14:37:01.893426,0x433bc2b0,24.28293,24.436752,917.6635,568.5713,80,5.0,3,-73,3
2024-12-07 14:37:07.263302,0x433aad0c,23.735706,25.481382,917.3346,497.64355,63,6.5,3,-43,3
2024-12-07 14:37:28.550202,0x433abf20,22.212887,24.33973,917.2894,197.83617,,-14.0,3,-104,3
2024-12-07 14:37:46.221735,0x433b0098,20.931345,28.795702,917.8104,227.49565,154,5.25,2,-73,2
2024-12-07 14:38:35.136254,0x433ad35c,24.750687,26.081646,916.54645,135.80373,,4.75,3,-81,3
2024-12-07 14:38:56.414050,0x433aafcc,21.831322,24.802015,917.31287,12.184214,100,6.25,4,-22,5
2024-12-07 14:38:59.276853,0x433abf20,22.424488,24.68709,917.2794,203.74054,,-12.25,3,-102,3
2024-12-07 14:39:57.946806,0x433aafcc,21.85197,25.456778,917.3567,20.817738,147,-10.5,4,-102,5
2024-12-07 14:39:59.121695,0x433abf20,22.309109,25.02052,917.27496,203.4976,,-12.25,3,-102,3
2024-12-07 14:40:02.910560,0x433bc2b0,23.507812,27.444427,917.6586,488.9961,95,4.75,3,-72,3
2024-12-07 14:40:05.852699,0x433aad0c,23.071684,29.126755,917.3495,418.8552,79,7.0,3,-44,3
2024-12-07 14:40:50.549949,0x433b0098,20.515774,31.548786,917.8181,210.33435,158,5.25,2,-73,2
2024-12-07 14:40:57.204831,0x433aafcc,21.67405,26.152397,917.344,29.533598,228,6.0,4,-22,5
2024-12-07 14:41:04.267141,0x433abf20,22.238323,25.340408,917.26196,204.47284,,5.0,2,-83,3
2024-12-07 14:41:36.136429,0x433ad35c,24.539988,27.48552,916.5897,132.80016,,3.5,3,-82,3
2024-12-07 14:42:02.682058,0x433abf20,21.906742,28.733467,917.2629,193.90268,,-12.75,3,-102,3
2024-12-07 14:43:02.143013,0x433bc2b0,23.16634,29.703856,917.6569,430.32907,111,5.5,3,-72,3
2024-12-07 14:43:04.939050,0x433aad0c,22.863256,31.7953,917.3745,358.52887,96,6.0,3,-44,3
2024-12-07 14:43:15.888525,0x433abf20,22.146366,29.180864,917.2645,191.40187,,5.5,1,-72,3
2024-12-07 14:43:51.976306,0x433aafcc,21.283047,25.791845,917.31305,46.246414,98,6.0,4,-74,5
2024-12-07 14:44:24.411045,0x433b0098,19.88892,32.977077,917.7856,213.30917,155,7.25,2,-74,2
2024-12-07 14:44:27.229397,0x433abf20,22.233147,29.458601,917.2825,192.26436,,-11.25,3,-102,3
2024-12-07 14:44:34.702907,0x433ad35c,23.746317,28.164244,916.54565,136.9096,,3.0,3,-87,3
2024-12-07 14:45:27.768680,0x433abf20,22.110916,30.104488,917.28796,193.79257,,-14.25,3,-102,3
2024-12-07 14:46:01.989619,0x433bc2b0,22.25794,31.04873,917.692,412.43155,117,5.5,3,-72,3
2024-12-07 14:46:05.738715,0x433aad0c,22.210781,31.954086,917.3213,349.40018,100,6.0,3,-45,3
2024-12-07 14:46:27.109435,0x433abf20,21.652073,29.112171,917.2742,206.20218,,-13.25,3,-98,3
2024-12-07 14:47:04.191861,0x433aafcc,21.937685,26.268211,917.3343,52.00802,97,5.0,4,-73,5
2024-12-07 14:47:24.396402,0x433b0098,19.706602,34.593426,917.8193,207.70105,157,4.5,2,-73,2
2024-12-07 14:47:27.187800,0x433abf20,21.709576,28.986633,917.2496,208.59645,,-16.25,3,-100,3
2024-12-07 14:47:36.261403,0x433ad35c,23.427872,29.43134,916.553,137.80737,,2.75,3,-80,3
2024-12-07 14:48:04.083703,0x433aafcc,21.801481,25.975973,917.3209,64.06835,130,5.75,4,-71,5
2024-12-07 14:48:27.944171,0x433abf20,21.729946,29.225477,917.2607,204.10605,,-17.0,3,-100,3
2024-12-07 15:06:23.674082,0x433abf20,20.768572,30.685421,917.18286,235.3482,,6.5,2,-69,3
2024-12-07 15:06:23.708585,0x433acb14,21.126556,29.516253,916.7408,97.20622,304,-1.5,3,-97,3
2024-12-07 15:06:48.973391,0x433bc2b0,21.840496,29.270971,917.50183,560.5366,71,1.0,3,-79,3
2024-12-07 15:10:11.841540,0x433aad0c,22.196598,30.626562,917.1527,477.41125,59,7.0,3,-39,3
2024-12-07 15:10:24.734289,0x433aafcc,20.035519,30.886316,917.22095,165.05934,213,0.5,4,-80,5
2024-12-07 15:10:44.750135,0x433acb14,21.119068,29.978884,916.73724,104.42451,294,6.25,2,-45,3
2024-12-07 15:11:22.593146,0x433abf20,20.596355,30.839762,917.13544,238.80597,,4.0,2,-53,3
2024-12-07 15:11:38.662703,0x433ad35c,22.583141,27.51929,916.356,162.91183,48,4.5,2,-76,3
2024-12-07 15:11:44.300526,0x433acb14,21.300335,30.299648,916.7005,110.36626,287,2.0,2,-81,3
2024-12-07 15:24:32.521921,0x433b0b38,21.21,39.67,916.39,,,7.0,5,-14,5
2024-12-07 15:24:32.539743,0x433b0098,21.34279,30.446714,917.6597,291.6944,117,4.75,2,-79,2
2024-12-07 15:24:32.573402,0x433abf20,20.105114,33.425488,917.1272,234.7009,,-20.5,3,-109,3
2024-12-07 15:24:32.611592,0x433aafcc,19.67887,32.97976,917.18036,194.07666,179,-17.0,5,-107,5
2024-12-07 15:24:32.872060,0x433ad35c,22.135107,30.236847,916.427,153.67915,53,1.75,3,-93,3
2024-12-07 15:24:33.001268,0x433acb14,21.092722,29.712444,916.6991,200.06175,217,-14.25,3,-104,3
2024-12-07 15:24:33.209353,0x433b0b38,21.24,38.48,916.32,,,6.75,5,-13,5
2024-12-07 15:24:33.302724,0x433aafcc,19.536913,33.615593,917.15686,197.46379,177,5.25,4,-76,5
2024-12-07 15:24:40.198251,0x433acb14,21.094164,29.718843,916.71466,203.49733,213,-16.25,3,-102,3
2024-12-07 15:25:02.359068,0x433bc2b0,21.65988,29.219269,917.4395,630.80035,50,6.0,3,-74,3
2024-12-07 15:25:05.622384,0x433aad0c,21.900728,34.277138,917.1108,389.82565,84,5.75,3,-44,3
2024-12-07 15:25:10.524402,0x433b0b38,21.25,39.5,916.34,,,6.5,5,-2,5
2024-12-07 15:25:25.732467,0x433aafcc,19.484072,33.863785,917.149,197.82095,176,6.5,4,-73,5
2024-12-07 15:25:41.741616,0x433acb14,20.95454,30.19458,916.66644,206.15247,211,-9.75,2,-96,3
2024-12-07 15:26:11.623749,0x433b0b38,21.28,39.39,916.32,,,6.25,5,,5
2024-12-07 15:26:14.896307,0x433b0098,20.98004,33.38429,917.5922,259.9314,125,4.75,2,-77,2
2024-12-07 15:26:16.081208,0x433abf20,20.077206,33.549614,917.0893,231.98912,,-8.25,2,-94,3
2024-12-07 15:26:25.194978,0x433aafcc,19.469267,34.095245,917.13684,197.46379,175,-17.0,4,-104,5
2024-12-07 15:26:35.681843,0x433ad35c,21.8811,30.726147,916.31116,150.64964,53,-13.0,3,-99,3
2024-12-07 15:26:39.719686,0x433acb14,20.8733,30.742332,916.6606,209.66977,207,-17.5,3,-103,3
2024-12-07 15:27:12.130177,0x433b0b38,21.19,38.25,916.29,,,6.0,5,,5
2024-12-07 15:27:18.516947,0x433abf20,20.116041,33.703777,917.0766,227.20212,,6.0,1,-40,3
2024-12-07 15:35:21.159096,0x433b0098,21.15248,32.877926,917.59576,272.52765,118,4.75,2,-75,2
2024-12-07 15:35:21.273178,0x433aafcc,19.25282,35.57748,917.1098,210.10835,164,0.25,4,-90,5
2024-12-07 15:35:31.584017,0x433acb14,20.718777,32.073288,916.648,254.74272,187,-17.25,3,-103,3
2024-12-07 15:35:32.728827,0x433ad35c,22.500332,30.903526,916.3748,147.73726,53,6.25,1,-13,3
2024-12-07 15:36:20.012440,0x433b0b38,21.25,35.45,916.26,,,6.0,5,-12,5
2024-12-07 15:36:28.926789,0x433aafcc,19.283113,35.57304,917.14264,211.59882,162,-14.75,4,-103,5
2024-12-07 15:36:40.304740,0x433acb14,20.73091,32.030357,916.6362,260.13516,185,-15.25,3,-103,3
2024-12-07 15:37:02.371743,0x433bc2b0,21.14458,30.788034,917.3916,661.1036,49,4.25,3,-73,3
2024-12-07 15:37:05.733377,0x433aad0c,21.877893,31.23463,917.0584,546.39233,46,5.75,3,-43,3
2024-12-07 15:37:16.696967,0x433b0b38,21.08,36.27,916.27,,,6.25,5,-12,5
2024-12-07 15:37:25.388098,0x433aafcc,19.303535,35.640434,917.1544,213.66571,160,6.0,4,-13,5
2024-12-07 15:37:39.817498,0x433acb14,20.683867,31.91259,916.6378,263.4398,184,-17.0,3,-103,3
2024-12-07 15:38:17.273912,0x433b0b38,21.22,36.99,916.26,,,5.75,5,-12,5
2024-12-07 15:38:21.277972,0x433b0098,20.924263,31.672474,917.56366,307.65176,107,5.0,1,-73,2
2024-12-07 15:38:28.032980,0x433abf20,20.08741,34.076046,917.0768,242.88425,4,6.0,1,-12,3
2024-12-07 15:38:28.855179,0x433aafcc,19.23929,35.7836,917.15027,215.63155,158,6.0,4,-12,5
2024-12-07 15:38:36.550482,0x433ad35c,22.658773,31.73913,916.2417,144.4373,55,-6.5,3,-93,3
2024-12-07 15:38:41.513747,0x433acb14,20.655756,31.684807,916.64294,269.42947,182,-14.0,3,-102,3
2024-12-07 15:39:17.828773,0x433b0b38,21.16,36.29,916.24,,,6.25,5,-9,5
2024-12-07 15:39:21.243056,0x433abf20,20.008518,33.95567,917.06085,243.75148,8,-14.0,3,-102,3
2024-12-07 15:39:27.021472,0x433aafcc,19.071594,36.28331,917.1416,216.77121,157,7.0,4,-20,5
2024-12-07 15:39:41.695284,0x433acb14,20.585945,31.90321,916.6384,277.07928,180,7.5,2,,3
2024-12-07 15:40:03.281832,0x433bc2b0,20.785175,31.904617,917.4133,657.2374,51,5.25,3,-73,3
2024-12-07 15:40:07.015738,0x433aad0c,21.69506,31.364489,917.053,568.1923,45,6.0,3,-23,3
2024-12-07 15:40:18.312932,0x433b0b38,20.92,36.76,916.29,,,6.25,5,,5
2024-12-07 15:40:26.305828,0x433aafcc,18.939348,36.851246,917.12695,219.82095,156,6.25,4,,5
2024-12-07 15:40:45.482477,0x433acb14,20.50467,32.19783,916.6645,282.746,178,-17.0,3,-103,3
2024-12-07 15:41:15.405044,0x433abf20,19.962366,33.926838,917.08356,242.88425,14,5.5,2,-66,3
2024-12-07 15:41:19.686502,0x433b0b38,20.93,36.42,916.3,,,7.75,5,,5
2024-12-07 15:41:25.285108,0x433aafcc,18.985847,36.64259,917.14996,216.9145,157,-17.25,5,-103,5
2024-12-07 15:41:36.588558,0x433ad35c,22.658773,30.265415,916.2724,154.52666,50,-4.75,3,-91,3
2024-12-07 15:41:40.945719,0x433b0098,20.814835,32.338806,917.5921,309.0847,107,-16.75,1,-102,2
2024-12-07 15:41:44.742305,0x433acb14,20.438402,32.199432,916.6437,287.39923,177,3.5,2,-81,3
2024-12-07 15:42:19.490726,0x433b0b38,20.9,36.67,916.33,,,6.25,5,,5
2024-12-07 15:42:26.672989,0x433aafcc,18.967894,36.777348,917.14734,218.79486,155,-18.5,5,-104,5
2024-12-07 15:42:40.650735,0x433acb14,20.452694,32.508564,916.6472,289.40466,176,-17.0,3,-103,3
2024-12-07 15:42:45.798167,0x433abf20,19.857807,34.36653,917.0608,244.80037,17,-3.0,2,-89,3
2024-12-07 15:43:02.729227,0x433bc2b0,20.858435,31.743563,917.4212,655.95874,52,5.75,3,-75,3
2024-12-07 15:43:05.795561,0x433aad0c,21.592628,31.36819,917.1003,572.07745,49,5.5,3,-19,3
2024-12-07 15:43:19.918439,0x433b0b38,20.73,36.34,916.28,,,6.0,5,,5
2024-12-07 15:43:25.205299,0x433aafcc,18.998272,36.902103,917.1508,218.21283,155,-19.25,5,-106,5
2024-12-07 15:43:39.665431,0x433abf20,19.779251,34.558556,917.07184,247.64207,17,5.5,2,,3
2024-12-07 15:43:40.537093,0x433acb14,20.405249,32.768375,916.6558,290.67227,175,-18.25,3,-104,3
2024-12-07 15:44:20.428894,0x433b0b38,20.79,36.57,916.31,,,5.75,5,-1,5
2024-12-07 15:44:25.222525,0x433aafcc,19.031551,36.887825,917.15265,214.9253,157,-18.5,5,-105,5
2024-12-07 15:44:37.265102,0x433ad35c,22.618677,30.356165,916.28296,158.01222,49,-5.5,3,-92,3
2024-12-07 15:44:42.641290,0x433acb14,20.404797,32.729996,916.6677,294.28152,174,5.75,2,-1,3
2024-12-07 15:44:44.307873,0x433b0098,20.748302,32.566063,917.61035,312.87354,105,-5.0,2,-91,2
2024-12-07 15:44:48.868673,0x433abf20,19.659723,34.623085,917.0915,247.82187,18,6.0,1,,3
