2024-12-07 10:56:35.776917,0x336462e4,"{'time': 1733597774, 'raw': time: 1733597774
}"
2024-12-07 11:11:11.527424,0x336462e4,"{'time': 105, 'raw': time: 105
}"
2024-12-07 13:32:02.758040,0x336462e4,"{'time': 105, 'raw': time: 105
}"
2024-12-07 13:53:20.310360,0x336462e4,"{'time': 105, 'raw': time: 105
}"
2024-12-07 14:08:21.778338,0x336462e4,"{'time': 1006, 'raw': time: 1006
}"
2024-12-07 14:24:22.606134,0x336462e4,"{'time': 1967, 'raw': time: 1967
}"
2024-12-07 14:39:23.226347,0x336462e4,"{'time': 2868, 'raw': time: 2868
}"
2024-12-07 15:10:12.663048,0x336462e4,"{'time': 45, 'raw': time: 45
}"
2024-12-07 15:24:38.020228,0x336462e4,"{'time': 105, 'raw': time: 105
}"
2024-12-07 15:36:02.101066,0x336462e4,"{'time': 45, 'raw': time: 45
}"
