2024-12-18 15:07:33.882875,0x33644004,99,4.178,9.059999,0.020055557
2024-12-18 15:08:27.953062,0x33644004,101,4.224,3.506667,0.050638888
2024-12-18 15:09:27.940581,0x33644004,101,4.231,6.871667,0.050638888
2024-12-18 15:10:14.562045,0x433b0b38,100,4.2,8.58,0.1446389
2024-12-18 15:10:28.128267,0x33644004,101,4.234,12.276667,0.07938889
2024-12-18 15:10:35.612192,0x433aad0c,97,4.16,14.096667,2.5811667
2024-12-18 15:11:28.081438,0x33644004,101,4.246,4.4783335,0.10861111
2024-12-18 15:12:28.054597,0x33644004,101,4.205,6.871667,0.12322222
2024-12-18 15:12:29.177995,0x433ad35c,101,4.209,6.871667,2.0654166
2024-12-18 15:13:28.153907,0x33644004,101,4.24,6.911667,0.12322222
2024-12-18 15:14:28.218207,0x33644004,101,4.209,5.2033334,0.15197222
2024-12-18 15:15:28.230734,0x33644004,101,4.222,6.6266665,0.17066666
2024-12-18 15:16:14.532324,0x433b0b38,98,4.164,6.6533337,0.20897223
2024-12-18 15:16:28.196438,0x33644004,101,4.211,8.596667,0.17066666
2024-12-18 15:16:35.703803,0x433aad0c,100,4.191,9.568334,2.4343889
2024-12-18 15:17:12.532736,0x336462e4,99,4.187,8.2699995,1.0706667
2024-12-18 15:17:28.187773,0x33644004,101,4.209,9.175,0.19988889
2024-12-18 15:18:28.470110,0x33644004,101,4.232,7.7483335,0.21450001
2024-12-18 15:18:29.411033,0x433ad35c,100,4.2,8.625,2.2851388
2024-12-18 15:19:28.346198,0x33644004,101,4.204,6.7483335,0.21450001
2024-12-18 15:20:28.469122,0x33644004,100,4.194,5.2033334,0.24325
2024-12-18 15:21:28.462247,0x33644004,100,4.19,5.75,0.24325
2024-12-18 15:21:39.584472,0x3364411c,100,4.19,5.75,3.195389
2024-12-18 15:22:14.845118,0x433b0b38,95,4.124,16.753334,0.40494445
2024-12-18 15:22:28.466682,0x33644004,101,4.209,18.696667,0.33472222
2024-12-18 15:22:35.977126,0x433aad0c,101,4.224,16.613333,2.3594723
2024-12-18 15:23:26.829107,0x433acb14,100,4.198,8.2699995,0.047
2024-12-18 15:23:28.630328,0x33644004,101,4.211,11.171666,0.36394444
2024-12-18 15:24:28.628517,0x33644004,101,4.227,9.716666,0.41138887
2024-12-18 15:24:29.682854,0x433ad35c,97,4.161,9.716666,2.5694168
2024-12-18 15:25:28.650607,0x33644004,101,4.264,8.046666,0.46111113
2024-12-18 15:26:28.644639,0x33644004,101,4.233,5.7766666,0.48002777
2024-12-18 15:27:20.942856,0x336462e4,99,4.188,17.576666,0.046499997
2024-12-18 15:27:28.664426,0x33644004,100,4.197,28.058332,0.5593611
2024-12-18 15:28:15.318252,0x433b0b38,96,4.143,17.721666,0.5605
2024-12-18 15:28:28.840880,0x33644004,99,4.188,14.833333,0.6133889
2024-12-18 15:28:36.254311,0x433aad0c,101,4.24,15.710001,2.3683333
2024-12-18 15:29:27.041772,0x433acb14,101,4.229,8.8550005,0.29416665
2024-12-18 15:29:28.863095,0x33644004,99,4.184,9.826667,0.6133889
2024-12-18 15:30:28.800953,0x33644004,99,4.18,11.565,0.62799996
2024-12-18 15:30:29.940228,0x433ad35c,101,4.212,11.469999,2.8373332
2024-12-18 15:48:51.042216,0x433ad35c,99,4.178,15.710001,2.7734723
2024-12-18 15:49:44.194223,0x33644004,101,4.227,12.586667,0.16808333
2024-12-18 15:49:49.976086,0x433abf20,101,4.21,12.233334,0.7865278
2024-12-18 15:50:44.145883,0x33644004,101,4.213,14.4800005,0.23172224
2024-12-18 15:51:40.357899,0x3364411c,98,4.169,8.896667,3.852778
2024-12-18 15:51:44.190639,0x33644004,96,4.136,15.92,0.2776111
2024-12-18 15:52:16.064029,0x433b0b38,101,4.201,13.44,1.3961111
2024-12-18 15:52:38.627269,0x433aad0c,101,4.215,19.283333,2.475389
2024-12-18 15:52:44.192502,0x33644004,101,4.208,20.35,0.31066668
2024-12-18 15:53:31.308275,0x433acb14,101,4.226,15.546666,1.3076111
2024-12-18 15:53:44.244311,0x33644004,101,4.228,15.710001,0.34419444
2024-12-18 15:54:33.721957,0x433ad35c,100,4.197,15.271667,2.8398333
2024-12-18 15:54:44.409884,0x33644004,101,4.202,16.56,0.3631111
2024-12-18 15:55:44.433055,0x33644004,101,4.212,14.081667,0.37772223
2024-12-18 15:55:50.048810,0x433abf20,101,4.217,11.8116665,1.0693333
2024-12-18 15:56:44.529758,0x33644004,101,4.253,12.620001,0.41125003
2024-12-18 15:57:44.506186,0x33644004,101,4.229,15.751667,0.49222225
2024-12-18 15:58:17.314611,0x433b0b38,96,4.138,18.323334,1.5139999
2024-12-18 15:58:38.550520,0x433aad0c,98,4.17,17.53,2.475389
2024-12-18 15:58:44.603526,0x33644004,101,4.229,20.608334,0.5560833
2024-12-18 15:59:30.799480,0x433acb14,101,4.22,10.961667,1.4952778
2024-12-18 15:59:44.662978,0x33644004,101,4.219,14.726667,0.62472224
2024-12-18 16:00:31.057147,0x433ad35c,98,4.163,11.728333,2.9686944
2024-12-18 16:00:44.517742,0x33644004,101,4.253,17.531666,0.71758336
2024-12-18 16:01:44.721743,0x33644004,101,4.244,12.07,0.7511111
2024-12-18 16:01:50.796944,0x433abf20,99,4.184,12.07,1.3341389
2024-12-18 16:02:44.581605,0x33644004,101,4.237,13.345,0.76730555
2024-12-18 16:03:44.747624,0x33644004,101,4.241,14.616667,0.8001389
2024-12-18 16:04:18.022875,0x433b0b38,98,4.172,11.193334,1.5594167
2024-12-18 16:04:38.227169,0x433aad0c,101,4.236,19.311666,2.467889
2024-12-18 16:04:44.810940,0x33644004,101,4.225,20.378334,0.8336667
2024-12-18 16:05:44.786682,0x33644004,101,4.245,29.866665,0.94652784
2024-12-18 16:05:46.399174,0x433acb14,98,4.167,14.275,1.7380834
2024-12-18 16:05:48.780478,0x336462e4,99,4.178,20.715,0.075722225
2024-12-18 16:06:32.408382,0x433ad35c,97,4.159,30.426666,3.0674999
2024-12-18 16:06:44.936517,0x33644004,101,4.25,19.416666,0.97733337
2024-12-18 16:07:44.813803,0x33644004,101,4.228,16.396667,1.0297778
2024-12-18 16:07:50.522038,0x433abf20,99,4.189,14.126667,1.6691666
2024-12-18 16:08:44.915109,0x33644004,101,4.204,15.451667,1.0633055
2024-12-18 16:09:45.044763,0x33644004,101,4.234,14.300001,1.0966111
2024-12-18 16:10:16.904679,0x433b0b38,94,4.115,9.440001,1.7488333
2024-12-18 16:10:39.855176,0x433aad0c,101,4.238,14.575,2.5746112
2024-12-18 16:10:44.922748,0x33644004,101,4.258,17.653332,1.1253611
2024-12-18 16:11:30.732997,0x433acb14,101,4.201,12.001666,1.9316388
2024-12-18 16:11:45.050843,0x33644004,101,4.229,12.878333,1.1442778
2024-12-18 16:12:31.592086,0x433ad35c,97,4.161,13.998333,3.120139
2024-12-18 16:12:45.126401,0x33644004,101,4.253,16.818333,1.1588889
2024-12-18 16:13:45.175355,0x33644004,101,4.208,18.408333,1.1919445
2024-12-18 16:13:51.247393,0x433abf20,101,4.23,20.105,2.0343332
2024-12-18 16:14:11.950960,0x433acb14,99,4.178,27.308332,0.06161111
2024-12-18 16:14:45.072167,0x33644004,101,4.258,30.84,1.3100834
2024-12-18 16:15:45.136155,0x33644004,101,4.229,17.806667,1.3623056
2024-12-18 16:16:17.111456,0x433b0b38,98,4.168,13.204999,1.8236111
2024-12-18 16:16:41.781510,0x433aad0c,101,4.213,16.025,2.6678889
2024-12-18 16:16:45.114857,0x33644004,101,4.216,18.845,1.4120278
2024-12-18 16:17:45.346268,0x33644004,101,4.22,14.098332,1.4786111
2024-12-18 16:18:31.816148,0x433ad35c,100,4.19,20.368334,3.2127223
2024-12-18 16:18:45.252457,0x33644004,101,4.207,23.188334,1.5137223
2024-12-18 16:19:09.932091,0x433aafcc,101,4.201,25.606668,0.11411111
2024-12-18 16:19:45.397565,0x33644004,101,4.245,27.15,1.5844166
2024-12-18 16:19:51.158599,0x433abf20,99,4.188,24.96,2.2908888
2024-12-18 16:20:11.225077,0x433acb14,101,4.234,23.24,0.35925
2024-12-18 16:20:45.396420,0x33644004,101,4.209,22.433332,1.6660833
2024-12-18 16:21:45.529737,0x33644004,94,4.116,22.105,1.7011944
2024-12-18 16:22:18.299946,0x433b0b38,93,4.092,42.878334,1.9560277
2024-12-18 16:22:44.156942,0x433aad0c,98,4.166,41.041668,2.7271667
2024-12-18 16:22:45.592772,0x33644004,101,4.232,46.775,1.8635279
2024-12-18 16:23:09.249204,0x336462e4,101,4.218,21.9,0.16122222
2024-12-18 16:23:45.697712,0x33644004,101,4.238,21.806665,1.9130279
2024-12-18 16:24:32.652151,0x433ad35c,98,4.174,27.891666,3.2117221
2024-12-18 16:24:45.732366,0x33644004,100,4.191,25.935,1.9919721
2024-12-18 16:25:09.531893,0x433aafcc,101,4.244,23.43,0.72052777
2024-12-18 16:25:45.734869,0x33644004,101,4.23,23.228334,2.0563054
2024-12-18 16:25:51.350478,0x433abf20,98,4.166,24.105,2.5474443
2024-12-18 16:26:11.445084,0x433acb14,101,4.23,19.565,0.77805555
2024-12-18 16:26:45.780423,0x33644004,100,4.195,21.766666,2.0709167
2024-12-18 16:27:45.942352,0x33644004,101,4.227,22.696667,2.1185834
2024-12-18 16:28:18.544808,0x433b0b38,94,4.111,18.958334,1.918139
2024-12-18 16:28:44.050490,0x433aad0c,101,4.215,22.093334,2.7570555
2024-12-18 16:28:45.813040,0x33644004,101,4.211,23.926666,2.148472
2024-12-18 16:29:45.857024,0x33644004,101,4.223,16.744999,2.1961389
2024-12-18 16:30:32.259569,0x433ad35c,100,4.192,24.449999,3.1319168
2024-12-18 16:30:45.972962,0x33644004,94,4.119,24.898335,2.244278
2024-12-18 16:31:10.120082,0x433aafcc,99,4.187,22.396667,1.2646667
2024-12-18 16:31:45.912138,0x33644004,101,4.206,22.806667,2.3113332
2024-12-18 16:31:51.639461,0x433abf20,98,4.172,23.941668,2.8270833
2024-12-18 16:32:11.682558,0x433acb14,101,4.201,22.548332,1.1314167
2024-12-18 16:32:46.117245,0x33644004,101,4.228,25.541666,2.3930001
2024-12-18 16:33:46.046946,0x33644004,100,4.195,18.369999,2.47875
2024-12-18 16:34:19.528363,0x433b0b38,96,4.147,26.336666,2.0061667
2024-12-18 16:34:42.027197,0x433aad0c,101,4.231,22.076666,2.7892778
2024-12-18 16:34:46.109238,0x33644004,100,4.19,26.621666,2.5446665
2024-12-18 16:35:46.176042,0x33644004,100,4.2,17.52,2.5781944
2024-12-18 16:36:32.674747,0x433ad35c,100,4.197,20.028334,3.091111
2024-12-18 16:36:46.125220,0x33644004,101,4.207,21.285,2.6117222
2024-12-18 16:37:09.922016,0x433aafcc,101,4.204,25.953335,1.74325
2024-12-18 16:37:46.568253,0x33644004,100,4.19,19.996666,2.6712778
2024-12-18 16:37:51.746493,0x433abf20,98,4.167,22.008333,3.1404166
2024-12-18 16:38:11.921602,0x433acb14,101,4.228,21.845,1.5324999
2024-12-18 16:38:46.624963,0x33644004,101,4.225,18.07,2.7340279
2024-12-18 16:39:44.368197,0x336462e4,100,4.193,20.253334,0.060888886
2024-12-18 16:39:46.648947,0x33644004,99,4.178,31.89,2.7835279
2024-12-18 16:40:18.374437,0x433b0b38,94,4.116,33.048336,2.0141666
2024-12-18 16:40:46.965122,0x33644004,101,4.219,27.806667,2.8402777
2024-12-18 16:40:49.889543,0x433aad0c,101,4.23,25.440002,2.897389
2024-12-18 16:41:46.830593,0x33644004,101,4.22,19.918333,2.904611
2024-12-18 16:42:32.732561,0x433ad35c,98,4.164,24.68,3.0286112
2024-12-18 16:42:46.876115,0x33644004,96,4.143,24.735,3.002
2024-12-18 16:43:10.271095,0x433aafcc,101,4.24,30.286667,2.2586389
2024-12-18 16:43:46.933423,0x33644004,101,4.236,18.981667,3.0544446
2024-12-18 16:43:55.388529,0x433abf20,100,4.197,22.1,3.141778
2024-12-18 16:44:12.763070,0x433acb14,100,4.196,24.513334,1.9867778
2024-12-18 16:44:46.965880,0x33644004,101,4.222,18.63,3.1183054
2024-12-18 16:29:56.486483,0x433b0b38,95,4.133,30.501667,2.040611
2024-12-18 16:30:07.299710,0x433aad0c,99,4.18,47.29333,3.0306113
2024-12-18 16:47:24.608149,0x33644004,100,4.198,19.300001,0.13683334
2024-12-18 16:48:24.753662,0x33644004,101,4.235,15.74,0.16741666
2024-12-18 16:48:32.987706,0x433ad35c,98,4.175,23.256666,3.1577222
2024-12-18 16:49:10.358655,0x433aafcc,100,4.197,28.313334,2.9712222
2024-12-18 16:49:24.689771,0x33644004,101,4.239,24.221666,0.18361111
2024-12-18 16:50:01.370591,0x336462e4,98,4.169,17.193335,0.12975
2024-12-18 16:50:12.878647,0x433acb14,99,4.179,19.626667,2.4424446
2024-12-18 16:50:24.905168,0x33644004,101,4.25,21.406668,0.24794444
2024-12-18 16:51:24.884254,0x33644004,101,4.26,24.09,0.26208332
2024-12-18 16:51:53.305725,0x433abf20,101,4.216,20.188334,3.1228333
2024-12-18 16:52:19.204057,0x433b0b38,99,4.187,24.265,1.9817222
2024-12-18 16:52:24.979200,0x33644004,101,4.219,26.208332,0.2956111
2024-12-18 16:52:44.245679,0x433aad0c,101,4.223,31.505001,3.0395834
2024-12-18 16:53:24.942838,0x33644004,101,4.226,20.806667,0.3578889
2024-12-18 16:54:25.071175,0x33644004,100,4.195,24.651667,0.38711113
2024-12-18 16:54:34.084237,0x433ad35c,101,4.201,23.488335,3.113
2024-12-18 16:55:10.567291,0x433aafcc,101,4.219,26.223335,3.4763057
2024-12-18 16:55:24.995786,0x33644004,101,4.216,28.003332,0.42222223
2024-12-18 16:56:13.021171,0x433acb14,99,4.187,17.945,2.799389
2024-12-18 16:56:24.955380,0x33644004,99,4.177,17.0,0.46602777
2024-12-18 16:57:25.134665,0x33644004,101,4.235,18.628334,0.49525002
2024-12-18 16:57:53.735142,0x433abf20,98,4.165,20.093334,3.2231667
2024-12-18 16:58:19.342429,0x433b0b38,96,4.145,25.183332,2.0416665
2024-12-18 16:58:25.123910,0x33644004,101,4.207,21.923334,0.54291666
2024-12-18 16:58:45.561218,0x433aad0c,101,4.216,18.776667,3.17875
2024-12-18 16:59:25.209570,0x33644004,101,4.204,24.036667,0.6193333
2024-12-18 17:00:25.106370,0x33644004,100,4.191,20.368334,0.63394445
2024-12-18 17:00:41.561362,0x336462e4,98,4.175,20.188334,0.027583333
2024-12-18 17:00:52.040613,0x433ad35c,98,4.162,28.066668,3.1798334
2024-12-18 17:01:10.871072,0x433aafcc,101,4.204,48.058334,4.129833
2024-12-18 17:01:25.252069,0x33644004,100,4.197,49.725,0.7892778
2024-12-18 17:02:13.031531,0x433acb14,101,4.23,19.463333,3.1873333
2024-12-18 17:02:25.326256,0x33644004,101,4.245,19.463333,0.80388886
2024-12-18 17:03:25.239870,0x33644004,101,4.25,22.050001,0.81802773
2024-12-18 17:03:54.943112,0x433abf20,101,4.204,18.916666,3.220361
2024-12-18 17:04:19.577525,0x433b0b38,94,4.109,26.621666,2.1485834
2024-12-18 17:04:25.384303,0x33644004,101,4.244,26.553333,0.84677774
2024-12-18 17:04:44.070404,0x433aad0c,101,4.206,26.868334,3.4508612
2024-12-18 17:05:25.292158,0x33644004,101,4.235,23.244999,0.8613889
2024-12-18 17:06:25.466103,0x33644004,101,4.237,19.246666,0.876
2024-12-18 17:06:35.699561,0x433ad35c,99,4.188,21.0,3.3305275
2024-12-18 17:07:11.062922,0x433aafcc,100,4.19,24.981667,4.627889
2024-12-18 17:07:25.380348,0x33644004,101,4.233,27.896667,0.90522224
2024-12-18 17:08:13.183026,0x433acb14,101,4.218,18.863335,3.5527222
2024-12-18 17:08:25.386450,0x33644004,101,4.201,21.533333,0.9360278
2024-12-18 17:09:25.545652,0x33644004,101,4.241,26.116667,1.002389
2024-12-18 17:09:56.003707,0x433abf20,97,4.149,20.093334,3.2164721
2024-12-18 17:10:20.658583,0x433b0b38,98,4.169,21.583334,2.0536113
2024-12-18 17:10:25.469018,0x33644004,99,4.188,21.983334,1.002389
2024-12-18 17:10:44.848082,0x433aad0c,101,4.226,29.456667,3.5314445
2024-12-18 17:11:25.677509,0x33644004,101,4.229,18.4,1.017
2024-12-18 17:12:25.638414,0x33644004,101,4.213,18.125,1.0546112
2024-12-18 17:12:35.751851,0x433ad35c,96,4.139,17.248335,3.2528055
2024-12-18 17:13:11.528041,0x433aafcc,101,4.226,30.536667,5.298556
2024-12-18 17:13:25.696731,0x33644004,101,4.234,28.456667,1.1168889
2024-12-18 17:14:13.516302,0x433acb14,98,4.17,20.395,3.9557776
2024-12-18 17:14:25.661730,0x33644004,101,4.218,22.338333,1.1834722
2024-12-18 17:15:25.806719,0x33644004,101,4.225,23.09,1.1980834
2024-12-18 17:15:56.545328,0x433abf20,101,4.202,16.398333,3.2473054
2024-12-18 17:16:20.018543,0x433b0b38,99,4.182,20.611666,2.1709166
2024-12-18 17:16:25.816029,0x33644004,100,4.192,23.281666,1.1980834
2024-12-18 17:16:48.142343,0x433aad0c,101,4.232,24.416668,3.4570832
2024-12-18 17:17:25.857194,0x33644004,101,4.228,23.968332,1.2126944
2024-12-18 17:18:26.021213,0x33644004,101,4.239,21.846666,1.2722499
2024-12-18 17:18:36.255355,0x433ad35c,98,4.168,14.631666,3.2078888
2024-12-18 17:19:11.698375,0x433aafcc,99,4.186,27.619999,5.928861
2024-12-18 17:19:26.045567,0x33644004,101,4.222,30.535,1.348
2024-12-18 17:20:13.815298,0x433acb14,101,4.232,19.231667,4.011389
2024-12-18 17:20:26.135232,0x33644004,100,4.196,19.231667,1.348
2024-12-18 17:21:26.150507,0x33644004,101,4.228,28.688332,1.41075
2024-12-18 17:21:51.499034,0x3364411c,99,4.179,11.7716675,7.0087776
2024-12-18 17:21:57.589870,0x433abf20,98,4.174,19.914999,3.3316667
2024-12-18 17:22:20.247864,0x433b0b38,96,4.145,23.243334,2.1369722
2024-12-18 17:22:26.134512,0x33644004,100,4.2,25.186666,1.4436111
2024-12-18 17:22:46.718605,0x433aad0c,101,4.201,24.326668,3.5467222
2024-12-18 17:23:26.149475,0x33644004,100,4.2,23.816666,1.4787222
2024-12-18 17:24:26.255197,0x33644004,101,4.227,28.43,1.4933333
2024-12-18 17:24:36.765977,0x433ad35c,101,4.205,27.033333,3.2665555
2024-12-18 17:25:11.974962,0x433aafcc,101,4.209,27.295,5.8297777
2024-12-18 17:25:26.360660,0x33644004,101,4.203,30.210001,1.5659167
2024-12-18 17:26:13.967030,0x433acb14,101,4.212,22.996668,3.982861
2024-12-18 17:26:26.255839,0x33644004,101,4.245,22.27,1.5805278
2024-12-18 17:27:26.285161,0x33644004,101,4.218,20.3,1.60975
2024-12-18 17:27:58.325025,0x433abf20,97,4.15,22.981667,3.5396945
2024-12-18 17:28:20.603661,0x433b0b38,95,4.128,26.446667,2.1947498
2024-12-18 17:28:26.410857,0x33644004,101,4.223,27.663332,1.6286668
2024-12-18 17:28:47.505849,0x433aad0c,100,4.192,23.9,3.5403888
2024-12-18 17:29:26.361644,0x33644004,101,4.225,27.618334,1.6725
2024-12-18 17:30:26.391549,0x33644004,100,4.195,49.801666,1.7121667
2024-12-18 17:30:37.201617,0x433ad35c,97,4.152,47.493332,3.3297222
2024-12-18 17:30:42.598423,0x433b0098,101,4.206,24.925,0.11313889
2024-12-18 17:31:07.341822,0x336918e8,101,4.396,23.668333,1.2410277
2024-12-18 17:31:12.223803,0x433aafcc,101,4.24,31.86,5.9042225
2024-12-18 17:31:26.510489,0x33644004,100,4.197,30.903334,1.7267778
2024-12-18 17:32:14.994008,0x433acb14,98,4.171,18.783335,3.9770834
2024-12-18 17:32:26.516868,0x33644004,101,4.219,21.698334,1.7575834
2024-12-18 17:32:45.608038,0x336462e4,98,4.169,19.591667,2.128139
2024-12-18 17:33:26.521456,0x33644004,100,4.2,26.238335,1.8095555
2024-12-18 17:33:58.084110,0x433abf20,101,4.215,20.651667,3.5660553
2024-12-18 17:34:20.975441,0x433b0b38,99,4.185,33.463333,2.3085556
2024-12-18 17:34:26.566145,0x33644004,101,4.236,34.68,1.8650279
2024-12-18 17:35:06.260118,0x433aad0c,99,4.184,34.97,3.6276388
2024-12-18 17:35:26.534763,0x33644004,101,4.247,33.073334,1.9109167
2024-12-18 17:36:26.750558,0x33644004,101,4.217,24.46,1.9401388
2024-12-18 17:36:36.947687,0x433ad35c,99,4.184,20.395,3.3691666
2024-12-18 17:37:12.384480,0x433aafcc,99,4.188,29.806667,6.117
2024-12-18 17:37:26.661868,0x33644004,101,4.223,30.765,2.0233889
2024-12-18 17:38:15.264465,0x433acb14,100,4.193,21.615,3.9294724
2024-12-18 17:38:26.790437,0x33644004,101,4.23,20.82,2.052611
2024-12-18 17:38:48.632954,0x433b0098,98,4.167,18.428333,0.70108336
2024-12-18 17:39:26.861461,0x33644004,101,4.216,25.608334,2.0818334
2024-12-18 17:39:57.262563,0x433abf20,98,4.162,19.135,3.5859168
2024-12-18 17:40:20.980506,0x433b0b38,97,4.159,27.990002,2.2298613
2024-12-18 17:40:26.783006,0x33644004,101,4.218,31.068335,2.1441112
2024-12-18 17:40:47.477322,0x433aad0c,101,4.243,29.304998,3.5307777
2024-12-18 17:41:26.778464,0x33644004,101,4.236,21.186666,2.1744444
2024-12-18 17:42:26.816598,0x33644004,101,4.209,22.161667,2.193361
2024-12-18 17:42:37.219242,0x433ad35c,99,4.189,21.285,3.4720833
2024-12-18 17:43:12.546986,0x433aafcc,100,4.19,32.065002,6.2344723
2024-12-18 17:43:26.851907,0x33644004,100,4.193,32.025,2.2415
2024-12-18 17:44:15.356838,0x433acb14,99,4.182,25.978333,3.9026947
2024-12-18 17:44:26.892005,0x33644004,101,4.245,27.045,2.2887223
2024-12-18 17:44:42.682558,0x433b0098,101,4.204,18.778334,1.0026112
2024-12-18 17:45:26.916580,0x33644004,101,4.255,30.823332,2.3265555
2024-12-18 17:46:21.246573,0x433b0b38,95,4.125,27.346668,2.1578054
2024-12-18 17:46:27.086368,0x33644004,100,4.193,28.455002,2.379
2024-12-18 17:46:50.937596,0x433aad0c,101,4.227,26.401667,3.540278
2024-12-18 17:47:27.117660,0x33644004,100,4.196,24.233334,2.2713888
2024-12-18 17:48:00.135004,0x433abf20,101,4.204,21.246668,3.4740555
2024-12-18 17:48:27.345274,0x33644004,101,4.239,27.785,2.271611
2024-12-18 17:48:37.756911,0x433ad35c,97,4.161,28.593334,3.6045835
2024-12-18 17:49:18.174353,0x433aafcc,101,4.202,26.03,6.1439443
2024-12-18 17:49:27.210341,0x33644004,101,4.215,32.255,2.3094444
2024-12-18 17:50:14.952667,0x433acb14,101,4.226,20.366667,3.829639
2024-12-18 17:50:27.394645,0x33644004,101,4.221,20.928333,2.307861
2024-12-18 17:50:43.083272,0x433b0098,94,4.107,13.758333,1.41775
2024-12-18 17:51:27.272924,0x33644004,101,4.223,26.636665,2.2791111
2024-12-18 17:52:21.546040,0x433b0b38,98,4.175,25.2,2.0786946
2024-12-18 17:52:27.321556,0x33644004,100,4.194,23.873333,2.3126388
2024-12-18 17:52:51.028655,0x433aad0c,99,4.18,27.581669,3.4141388
2024-12-18 17:53:27.461611,0x33644004,100,4.194,23.653334,2.358528
2024-12-18 17:53:58.928627,0x433abf20,98,4.173,19.041666,3.485722
2024-12-18 17:54:27.395696,0x33644004,101,4.205,29.251667,2.333611
2024-12-18 17:54:37.722735,0x433ad35c,101,4.203,26.255,3.452278
2024-12-18 17:55:13.389619,0x433aafcc,101,4.211,28.356665,6.1289167
2024-12-18 17:55:27.489795,0x33644004,99,4.183,33.515,2.3671389
2024-12-18 17:56:15.161173,0x433acb14,97,4.16,23.596666,3.9136667
2024-12-18 17:56:27.494554,0x33644004,98,4.174,21.08,2.3525276
2024-12-18 17:56:51.781311,0x433b0098,99,4.18,15.921667,1.6513056
2024-12-18 17:57:27.508122,0x33644004,101,4.224,22.97,2.3276389
2024-12-18 17:58:21.736454,0x433b0b38,101,4.213,27.289999,2.1055276
2024-12-18 17:58:27.544805,0x33644004,101,4.216,29.233334,2.365472
2024-12-18 17:58:51.484761,0x433aad0c,101,4.226,24.03,3.270889
2024-12-18 17:59:27.646733,0x33644004,101,4.242,25.485,2.3367221
2024-12-18 17:59:59.611280,0x433abf20,100,4.192,23.27,3.5124724
2024-12-18 18:00:27.658569,0x33644004,101,4.204,25.543331,2.389639
2024-12-18 18:00:38.844316,0x433ad35c,99,4.184,25.543331,3.395139
2024-12-18 18:01:14.244931,0x433aafcc,101,4.235,31.418333,6.120389
2024-12-18 18:01:27.775342,0x33644004,99,4.186,32.283333,2.3155
2024-12-18 18:02:15.764247,0x433acb14,100,4.195,18.783335,3.8112779
2024-12-18 18:02:27.792244,0x33644004,101,4.22,21.698334,2.3198056
2024-12-18 18:02:43.270061,0x433b0098,99,4.18,20.563334,1.9149723
2024-12-18 18:02:48.122731,0x336462e4,100,4.196,16.73,3.6493056
2024-12-18 18:03:27.742847,0x33644004,101,4.211,32.071667,2.3743055
2024-12-18 18:04:22.061257,0x433b0b38,101,4.22,32.848335,2.1495833
2024-12-18 18:04:27.834484,0x33644004,101,4.254,34.09333,2.4933333
2024-12-18 18:04:49.970911,0x433aad0c,101,4.235,32.081665,3.223861
2024-12-18 18:05:27.906750,0x33644004,101,4.24,22.545,2.5117776
2024-12-18 18:05:59.617251,0x433abf20,98,4.175,22.478333,3.5768888
2024-12-18 18:06:27.850913,0x33644004,100,4.2,27.074999,2.5117776
2024-12-18 18:06:39.088387,0x433ad35c,97,4.16,29.949999,3.185
2024-12-18 18:07:15.197519,0x433aafcc,101,4.203,26.300001,6.0046663
2024-12-18 18:07:27.967087,0x33644004,101,4.217,29.365,2.5539167
2024-12-18 18:08:15.794030,0x433acb14,101,4.204,21.681667,3.8641665
2024-12-18 18:08:28.108046,0x33644004,101,4.242,21.613333,2.5680554
2024-12-18 18:08:49.362757,0x433b0098,99,4.187,23.216667,2.1675277
2024-12-18 18:09:27.979895,0x33644004,101,4.236,28.318333,2.629861
2024-12-18 18:10:22.361526,0x433b0b38,99,4.182,26.773335,2.1999722
2024-12-18 18:10:28.140392,0x33644004,100,4.199,27.84,2.5824168
2024-12-18 18:10:50.082912,0x433aad0c,101,4.21,30.728334,3.1265833
2024-12-18 18:11:28.053253,0x33644004,101,4.202,27.241669,2.640389
2024-12-18 18:11:53.460537,0x433aca0c,31,3.544,4.2599998,2.4190278
2024-12-18 18:12:28.156473,0x33644004,101,4.221,35.420002,2.712
2024-12-18 18:12:39.245743,0x433ad35c,101,4.227,37.81333,3.2197223
2024-12-18 18:13:15.075132,0x433aafcc,101,4.206,24.651667,6.0408335
2024-12-18 18:13:28.288435,0x33644004,101,4.238,33.03,2.7533333
2024-12-18 18:14:18.037413,0x433acb14,100,4.2,24.869999,3.8992221
2024-12-18 18:14:28.322732,0x33644004,101,4.219,29.635,2.7364721
2024-12-18 18:14:44.485430,0x433b0098,99,4.184,23.233334,2.4764721
2024-12-18 18:15:28.178567,0x33644004,98,4.175,24.143333,2.73375
2024-12-18 18:15:58.853369,0x433abf20,101,4.225,20.983334,3.5051112
2024-12-18 18:16:23.097349,0x433b0b38,99,4.178,26.401667,2.0414166
2024-12-18 18:16:28.372094,0x33644004,101,4.208,28.345001,2.73375
2024-12-18 18:16:53.133945,0x433aad0c,101,4.205,26.591667,3.3308055
2024-12-18 18:17:28.372509,0x33644004,100,4.197,22.615,2.781889
2024-12-18 18:18:28.522548,0x33644004,99,4.184,23.666666,2.8311388
2024-12-18 18:18:38.834587,0x433ad35c,98,4.165,21.193333,3.2406945
2024-12-18 18:19:23.424935,0x433aafcc,100,4.199,26.071667,5.970361
2024-12-18 18:19:28.505443,0x33644004,101,4.218,36.731667,2.862611
2024-12-18 18:20:23.225376,0x433acb14,100,4.191,25.630001,3.8310554
2024-12-18 18:20:28.588227,0x33644004,101,4.234,26.859999,2.8014722
2024-12-18 18:20:44.754104,0x433b0098,99,4.185,22.878334,2.7984998
2024-12-18 18:21:28.610165,0x33644004,101,4.203,29.543335,2.8448334
2024-12-18 18:21:59.424253,0x433abf20,99,4.181,23.353334,3.406361
2024-12-18 18:22:22.998615,0x433b0b38,94,4.118,30.215,2.114361
2024-12-18 18:22:28.575201,0x33644004,101,4.217,32.158333,2.8345277
2024-12-18 18:22:57.567717,0x433aad0c,101,4.214,27.684998,3.25175
2024-12-18 18:23:28.792699,0x33644004,101,4.234,20.696667,2.8347223
2024-12-18 18:24:28.744013,0x33644004,101,4.228,28.048334,2.861889
2024-12-18 18:24:39.008668,0x433ad35c,97,4.155,26.505,3.2503057
2024-12-18 18:25:17.397180,0x433aafcc,98,4.175,25.665,5.959472
2024-12-18 18:25:28.710309,0x33644004,101,4.237,25.236666,2.8803334
2024-12-18 18:26:17.101548,0x433acb14,100,4.192,20.326666,3.827889
2024-12-18 18:26:28.763348,0x33644004,100,4.199,25.626665,2.8223612
2024-12-18 18:26:44.716654,0x433b0098,98,4.175,19.801668,3.0693057
2024-12-18 18:27:28.767238,0x33644004,101,4.234,26.198334,2.8720834
2024-12-18 18:28:00.661507,0x433abf20,98,4.167,21.586666,3.2726943
2024-12-18 18:28:23.094337,0x433b0b38,101,4.202,28.525002,2.0820835
2024-12-18 18:28:28.889441,0x33644004,101,4.207,29.591667,2.8763888
2024-12-18 18:28:53.825628,0x433aad0c,101,4.224,35.611664,3.2629445
2024-12-18 18:29:28.972202,0x33644004,100,4.198,27.101665,2.9149723
2024-12-18 18:30:28.958044,0x33644004,101,4.221,26.733334,2.9270556
2024-12-18 18:30:39.826512,0x433ad35c,99,4.179,27.61,3.3285553
2024-12-18 18:31:19.167185,0x433aafcc,101,4.246,32.425003,5.9734445
2024-12-18 18:31:29.005967,0x33644004,101,4.235,29.164999,2.937361
2024-12-18 18:32:17.131109,0x433acb14,101,4.217,20.53,3.7756667
2024-12-18 18:32:28.943388,0x33644004,101,4.241,27.733332,2.9578612
2024-12-18 18:32:50.448816,0x336462e4,98,4.174,24.131666,4.0095
2024-12-18 18:33:29.057213,0x33644004,100,4.2,23.199999,2.9895833
2024-12-18 18:33:48.513577,0x433b0098,96,4.139,19.795,2.9856112
2024-12-18 18:34:01.231372,0x433abf20,98,4.168,24.843334,3.2121665
2024-12-18 18:34:24.286770,0x433b0b38,99,4.177,33.448334,1.9867222
2024-12-18 18:34:29.102113,0x33644004,101,4.22,37.211666,2.9538057
2024-12-18 18:34:53.435684,0x433aad0c,101,4.236,31.05,3.1506665
2024-12-18 18:35:29.214689,0x33644004,101,4.218,28.715,2.946
2024-12-18 18:36:29.126850,0x33644004,101,4.212,22.161667,2.9334166
2024-12-18 18:36:40.281710,0x433ad35c,99,4.185,21.903334,3.3192222
2024-12-18 18:37:19.552872,0x433aafcc,101,4.22,25.008333,5.8479443
2024-12-18 18:37:29.133575,0x33644004,99,4.183,26.074999,2.9669445
2024-12-18 18:38:17.882719,0x433acb14,100,4.194,24.803333,3.776
2024-12-18 18:38:29.214454,0x33644004,100,4.197,24.951666,2.93275
2024-12-18 18:39:29.245010,0x33644004,100,4.197,26.935,2.9986389
2024-12-18 18:39:48.026254,0x433b0098,99,4.187,24.664999,2.8518333
2024-12-18 18:40:28.861280,0x433b0b38,96,4.135,21.69,1.9065
2024-12-18 18:40:29.384162,0x33644004,101,4.245,28.001667,3.0170834
2024-12-18 18:40:55.556108,0x433aad0c,101,4.243,24.483334,3.0389445
2024-12-18 18:41:29.463694,0x33644004,100,4.194,28.293333,3.034889
2024-12-18 18:42:29.380905,0x33644004,101,4.229,31.923332,3.0994444
2024-12-18 18:42:40.014143,0x433ad35c,101,4.202,34.553333,3.2743611
2024-12-18 18:43:18.556112,0x433aafcc,101,4.231,19.433332,5.7771945
2024-12-18 18:43:29.371369,0x33644004,98,4.175,26.636665,3.0805278
2024-12-18 18:44:01.826994,0x433abf20,101,4.204,21.603334,3.250167
2024-12-18 18:44:29.483425,0x33644004,100,4.192,29.238335,3.1457777
2024-12-18 18:44:33.274792,0x433acb14,101,4.207,18.191668,3.8049166
2024-12-18 18:45:29.587587,0x33644004,101,4.231,22.158333,3.1441946
2024-12-18 18:45:47.977509,0x433b0098,98,4.171,20.051666,2.7955277
2024-12-18 18:46:25.707979,0x433b0b38,96,4.144,21.243334,2.020111
2024-12-18 18:46:29.446140,0x33644004,101,4.209,25.198334,3.1063612
2024-12-18 18:46:56.705123,0x433aad0c,101,4.224,25.98,3.00475
2024-12-18 18:47:29.614062,0x33644004,101,4.241,26.598335,3.1104443
2024-12-18 18:48:29.699216,0x33644004,101,4.222,23.966667,3.1230001
2024-12-18 18:48:40.325238,0x433ad35c,98,4.168,26.35,3.1460278
2024-12-18 18:49:21.391040,0x433aafcc,99,4.18,25.006666,5.7434444
2024-12-18 18:49:29.757195,0x33644004,101,4.202,31.988335,3.1674724
2024-12-18 18:50:19.933553,0x433acb14,98,4.173,24.76,3.6900554
2024-12-18 18:50:29.774239,0x33644004,101,4.221,27.331669,3.1629443
2024-12-18 18:51:29.927739,0x33644004,101,4.232,29.361666,3.1462777
2024-12-18 18:52:26.349575,0x433b0b38,98,4.162,22.236666,2.194028
2024-12-18 18:52:29.931922,0x33644004,101,4.204,24.798334,3.1084445
2024-12-18 18:53:03.479011,0x433aad0c,101,4.21,22.758333,3.0444167
2024-12-18 18:53:29.932958,0x33644004,101,4.212,29.426666,3.0459168
2024-12-18 18:54:02.122750,0x433abf20,99,4.184,22.183332,3.2590277
2024-12-18 18:54:29.886547,0x33644004,101,4.214,30.653334,3.1408057
2024-12-18 18:54:40.927367,0x433ad35c,98,4.166,30.605,3.1371112
2024-12-18 18:55:18.164659,0x433aafcc,101,4.223,25.528332,5.820389
2024-12-18 18:55:30.036979,0x33644004,100,4.199,24.991667,3.1218889
2024-12-18 18:56:20.909046,0x433acb14,100,4.191,24.603334,3.5599723
2024-12-18 18:56:30.174778,0x33644004,101,4.227,22.906668,3.1408057
2024-12-18 18:56:48.840417,0x433b0098,96,4.139,22.143333,2.7256389
2024-12-18 18:57:30.024013,0x33644004,101,4.244,29.743334,3.1887221
2024-12-18 18:58:26.978832,0x433b0b38,99,4.179,29.734999,2.2262778
2024-12-18 18:58:30.033913,0x33644004,101,4.223,30.285,3.1713889
2024-12-18 18:58:58.309829,0x433aad0c,99,4.178,28.154999,3.229861
2024-12-18 18:59:30.118167,0x33644004,100,4.198,26.050001,3.158
2024-12-18 19:00:30.303851,0x33644004,100,4.197,22.54,3.18675
2024-12-18 19:00:40.575570,0x433ad35c,98,4.169,20.301666,3.2101388
2024-12-18 19:01:01.979094,0x433abf20,97,4.152,24.346666,3.129889
2024-12-18 19:01:20.964372,0x433aafcc,99,4.181,26.701668,5.7382503
2024-12-18 19:01:30.257891,0x33644004,101,4.207,29.573334,3.167361
2024-12-18 19:02:23.507358,0x433acb14,101,4.201,13.163333,3.5996943
2024-12-18 19:02:30.357857,0x33644004,101,4.212,22.12,3.1343055
2024-12-18 19:02:47.875898,0x433b0098,99,4.187,17.58,2.8198612
2024-12-18 19:02:51.644501,0x336462e4,101,4.212,21.793333,4.432778
2024-12-18 19:03:30.298528,0x33644004,101,4.236,27.759998,3.1315832
2024-12-18 19:04:26.017031,0x433b0b38,99,4.189,23.456667,2.2673888
2024-12-18 19:04:30.373593,0x33644004,101,4.233,29.091667,3.11675
2024-12-18 19:04:57.180924,0x433aad0c,101,4.224,31.233334,3.2246113
2024-12-18 19:05:30.388874,0x33644004,101,4.254,27.498335,3.03125
2024-12-18 19:06:30.392112,0x33644004,101,4.217,24.946667,3.029
2024-12-18 19:06:41.771849,0x433ad35c,100,4.196,27.835,3.2316945
2024-12-18 19:07:19.927459,0x433aafcc,100,4.195,34.63333,5.7599998
2024-12-18 19:07:30.571241,0x33644004,101,4.205,38.0,3.0411112
2024-12-18 19:08:22.340615,0x433acb14,99,4.186,17.203335,3.49775
2024-12-18 19:08:30.686508,0x33644004,101,4.22,22.653334,2.9843612
2024-12-18 19:08:48.368443,0x433b0098,101,4.201,21.125,3.0185556
2024-12-18 19:09:30.701607,0x33644004,100,4.192,28.931665,3.004861
2024-12-18 19:10:05.250636,0x433abf20,98,4.162,23.705,3.042861
2024-12-18 19:10:30.048402,0x433b0b38,101,4.208,25.386667,2.298361
2024-12-18 19:10:30.572323,0x33644004,99,4.189,26.976665,2.9430556
2024-12-18 19:10:57.783172,0x433aad0c,99,4.188,33.391666,3.3149998
2024-12-18 19:11:30.790648,0x33644004,99,4.186,21.926666,2.9225557
2024-12-18 19:12:30.848144,0x33644004,101,4.215,21.903334,2.8835
2024-12-18 19:12:41.327707,0x433ad35c,99,4.185,26.063332,3.304222
2024-12-18 19:13:18.895639,0x433aafcc,101,4.244,27.581669,5.798222
2024-12-18 19:13:30.836979,0x33644004,101,4.243,29.164999,2.8789444
2024-12-18 19:14:30.328488,0x433acb14,100,4.195,17.413334,3.3758335
2024-12-18 19:14:30.851616,0x33644004,101,4.234,22.711666,2.8811944
2024-12-18 19:15:30.827314,0x33644004,98,4.164,21.846666,2.865
2024-12-18 19:15:49.339335,0x433b0098,99,4.189,24.218332,3.0821111
2024-12-18 19:16:31.311186,0x33644004,101,4.23,23.84,2.8346667
2024-12-18 19:16:35.472046,0x433b0b38,94,4.106,28.785,2.3042777
2024-12-18 19:16:59.986887,0x433aad0c,99,4.184,26.211666,3.1678333
2024-12-18 19:17:31.469395,0x33644004,101,4.209,19.876667,2.8200555
2024-12-18 19:18:05.541671,0x433abf20,100,4.19,24.461668,3.1304445
2024-12-18 19:18:31.238631,0x33644004,101,4.251,25.256666,2.8195834
2024-12-18 19:18:41.471228,0x433ad35c,98,4.164,28.69,3.1960833
2024-12-18 19:19:19.937096,0x433aafcc,101,4.216,28.565002,5.7492223
2024-12-18 19:19:31.429836,0x33644004,101,4.234,32.721664,2.8709166
2024-12-18 19:20:23.153677,0x433acb14,98,4.172,22.638332,3.494861
2024-12-18 19:20:31.512645,0x33644004,101,4.234,21.188334,2.8900833
2024-12-18 19:21:31.552309,0x33644004,100,4.194,32.583332,2.9865556
2024-12-18 19:22:27.855803,0x433b0b38,93,4.094,16.928333,2.2331388
2024-12-18 19:22:31.746408,0x33644004,99,4.181,21.501667,2.938889
2024-12-18 19:22:49.897195,0x433b0098,101,4.217,20.821667,3.245722
2024-12-18 19:23:00.501041,0x433aad0c,99,4.178,26.991665,3.1235554
2024-12-18 19:23:31.632036,0x33644004,101,4.239,24.678333,2.9548612
2024-12-18 19:24:04.785303,0x433abf20,97,4.155,23.506666,3.0850556
2024-12-18 19:24:31.746394,0x33644004,101,4.214,29.496666,2.9754167
2024-12-18 19:24:42.103423,0x433ad35c,97,4.157,27.393332,3.17525
2024-12-18 19:25:19.604634,0x433aafcc,101,4.224,25.511667,5.774139
2024-12-18 19:25:31.993239,0x33644004,100,4.2,24.91,2.9918334
2024-12-18 19:26:23.159050,0x433acb14,101,4.231,28.643333,3.4430277
2024-12-18 19:26:31.727450,0x33644004,101,4.236,25.485,2.996611
2024-12-18 19:27:31.912396,0x33644004,101,4.25,24.491667,2.9511945
2024-12-18 19:28:28.910010,0x433b0b38,96,4.139,27.371666,2.3040278
2024-12-18 19:28:32.083009,0x33644004,101,4.218,29.26,2.9799445
2024-12-18 19:29:03.093114,0x433aad0c,101,4.242,25.718334,3.1444166
2024-12-18 19:29:32.040055,0x33644004,101,4.206,25.060001,2.9945557
2024-12-18 19:30:32.146796,0x33644004,101,4.215,19.245,3.0036387
2024-12-18 19:30:42.337420,0x433ad35c,100,4.194,22.465,3.0398057
2024-12-18 19:30:50.409346,0x433b0098,95,4.131,21.696667,3.466111
2024-12-18 19:31:19.646246,0x433aafcc,100,4.195,28.060001,5.8007774
2024-12-18 19:31:32.188405,0x33644004,101,4.22,27.838335,2.9683056
2024-12-18 19:32:04.441723,0x433abf20,101,4.203,22.913334,3.198861
2024-12-18 19:32:23.919879,0x433acb14,101,4.204,23.321667,3.3825555
2024-12-18 19:32:32.234339,0x33644004,99,4.184,25.265,2.964
2024-12-18 19:33:32.162760,0x33644004,101,4.244,30.123333,2.965611
2024-12-18 19:34:31.719853,0x433b0b38,98,4.172,18.063334,2.3400557
2024-12-18 19:34:32.243082,0x33644004,101,4.225,21.091667,2.9699168
2024-12-18 19:35:00.716568,0x433aad0c,101,4.244,32.75,3.2464445
2024-12-18 19:35:32.295807,0x33644004,101,4.238,28.591665,3.001861
2024-12-18 19:35:54.098109,0x336462e4,101,4.222,23.816666,3.402639
2024-12-18 19:36:32.380867,0x33644004,100,4.19,21.244999,3.0023332
2024-12-18 19:36:42.528508,0x433ad35c,101,4.215,20.368334,2.96025
2024-12-18 19:36:52.693208,0x433b0098,100,4.19,20.176666,3.5570555
2024-12-18 19:37:20.064483,0x433aafcc,99,4.182,24.756666,5.7489724
2024-12-18 19:37:32.313589,0x33644004,101,4.231,27.521667,2.9868054
2024-12-18 19:38:06.038330,0x433abf20,96,4.147,23.911667,3.2513332
2024-12-18 19:38:27.843634,0x433acb14,98,4.162,33.621666,3.523167
2024-12-18 19:38:32.364900,0x33644004,100,4.191,34.396667,2.9901943
2024-12-18 19:39:32.433699,0x33644004,101,4.249,17.778334,2.9818056
2024-12-18 19:40:30.105357,0x433b0b38,95,4.131,28.413334,2.4112778
2024-12-18 19:40:32.522238,0x33644004,101,4.206,18.64,2.9482777
2024-12-18 19:41:03.006229,0x433aad0c,101,4.204,33.508335,3.294528
2024-12-18 19:41:32.592026,0x33644004,101,4.264,23.199999,2.8985834
2024-12-18 19:42:32.446607,0x33644004,101,4.229,30.793333,2.946722
2024-12-18 19:42:42.896079,0x433ad35c,99,4.183,24.368334,2.9555001
2024-12-18 19:43:20.180825,0x433aafcc,101,4.215,26.005,5.8476114
2024-12-18 19:43:32.729678,0x33644004,100,4.192,27.023333,2.892361
2024-12-18 19:44:05.675786,0x433abf20,98,4.173,22.288332,3.2968056
2024-12-18 19:44:23.962412,0x433acb14,99,4.18,23.015,3.5008054
2024-12-18 19:44:32.694973,0x33644004,101,4.206,23.041668,2.9112778
2024-12-18 19:45:32.631493,0x33644004,101,4.245,28.675,2.858361
2024-12-18 19:45:50.711859,0x433b0098,101,4.21,24.298332,3.889472
2024-12-18 19:46:29.217482,0x433b0b38,96,4.135,22.128334,2.5139165
2024-12-18 19:46:32.630573,0x33644004,101,4.237,22.705,2.8631113
2024-12-18 19:47:03.619905,0x433aad0c,97,4.158,23.35,3.2871387
2024-12-18 19:47:32.955197,0x33644004,100,4.199,15.8116665,2.8966389
2024-12-18 19:48:33.254930,0x33644004,100,4.194,18.081667,2.9589167
2024-12-18 19:48:43.270826,0x433ad35c,97,4.152,24.463333,2.960139
2024-12-18 19:49:20.642387,0x433aafcc,101,4.233,28.016666,5.9023333
2024-12-18 19:49:33.164223,0x33644004,101,4.232,29.960001,2.9278889
2024-12-18 19:50:24.092861,0x433acb14,101,4.211,19.078333,3.5199444
2024-12-18 19:50:33.271903,0x33644004,101,4.234,23.991667,2.930389
2024-12-18 19:51:33.363896,0x33644004,101,4.201,30.15,2.9760277
2024-12-18 19:51:54.942657,0x3364411c,98,4.171,19.351667,7.2866387
2024-12-18 19:52:07.158502,0x433abf20,101,4.205,23.45,3.271222
2024-12-18 19:52:29.158741,0x433b0b38,99,4.176,30.661667,2.3995833
2024-12-18 19:52:33.346362,0x33644004,101,4.206,28.608334,2.9618888
2024-12-18 19:53:04.896598,0x433aad0c,100,4.196,28.483334,3.3491943
2024-12-18 19:53:33.835116,0x33644004,101,4.233,20.608334,2.9808056
2024-12-18 19:53:51.936783,0x433b0098,99,4.177,23.198334,3.982611
2024-12-18 19:54:33.682148,0x33644004,99,4.178,18.845,2.9979167
2024-12-18 19:54:50.858058,0x433ad35c,99,4.18,25.733334,3.02475
2024-12-18 19:55:20.775528,0x433aafcc,101,4.212,28.235,5.8961387
2024-12-18 19:55:33.841883,0x33644004,101,4.239,23.25,2.9557776
2024-12-18 19:56:24.559044,0x433acb14,99,4.177,19.753334,3.5607777
2024-12-18 19:56:33.952331,0x33644004,101,4.207,18.586666,2.939361
2024-12-18 19:57:33.869880,0x33644004,100,4.19,21.026667,2.9204445
2024-12-18 19:58:08.549573,0x433abf20,97,4.151,20.37,3.344889
2024-12-18 19:58:29.969540,0x433b0b38,97,4.148,25.868332,2.4025278
2024-12-18 19:58:33.832633,0x33644004,101,4.238,28.918331,2.9176946
2024-12-18 19:59:04.408447,0x433aad0c,101,4.236,30.946667,3.207139
2024-12-18 19:59:33.860681,0x33644004,101,4.243,19.761667,2.9204168
2024-12-18 19:59:55.105801,0x433aca0c,27,3.507,14.703333,2.8357778
2024-12-18 20:00:34.089065,0x33644004,100,4.196,34.37833,2.9842222
2024-12-18 20:00:45.201800,0x433ad35c,98,4.162,37.568333,3.149861
2024-12-18 20:01:22.955837,0x433aafcc,101,4.221,27.974998,5.921
2024-12-18 20:01:34.044216,0x33644004,100,4.195,26.411667,2.9905834
2024-12-18 20:02:24.633078,0x433acb14,99,4.186,20.795,3.5797224
2024-12-18 20:02:34.257303,0x33644004,101,4.206,21.324999,2.995361
2024-12-18 20:03:34.202135,0x33644004,98,4.174,19.733334,3.0660276
2024-12-18 20:03:53.098090,0x433b0098,100,4.192,19.216667,3.8459167
2024-12-18 20:04:09.468505,0x433abf20,98,4.175,17.838333,3.4673889
2024-12-18 20:04:29.845724,0x433b0b38,96,4.134,24.308332,2.4110556
2024-12-18 20:04:34.201505,0x33644004,101,4.232,22.785,3.1022778
2024-12-18 20:05:05.244417,0x433aad0c,100,4.195,20.19,3.2373056
2024-12-18 20:05:34.107528,0x33644004,101,4.201,26.728333,3.0835834
2024-12-18 20:05:55.971942,0x336462e4,101,4.215,23.925001,2.5056665
2024-12-18 20:06:34.166698,0x33644004,101,4.219,26.074999,3.1314998
2024-12-18 20:06:47.408692,0x433ad35c,98,4.162,18.085,3.041861
2024-12-18 20:07:23.345699,0x433aafcc,101,4.238,26.278332,5.8082776
2024-12-18 20:07:34.187255,0x33644004,101,4.209,28.113333,3.16775
2024-12-18 20:08:25.127676,0x433acb14,99,4.177,20.710001,3.6364722
2024-12-18 20:08:34.280135,0x33644004,99,4.178,23.87,3.224278
2024-12-18 20:09:34.235291,0x33644004,101,4.237,23.800001,3.2431946
2024-12-18 20:10:30.014460,0x433b0b38,95,4.128,25.961668,2.3328054
2024-12-18 20:10:34.369402,0x33644004,101,4.231,26.056665,3.227
2024-12-18 20:11:06.905951,0x433abf20,97,4.149,23.475,3.7841945
2024-12-18 20:11:10.266667,0x433aad0c,100,4.195,24.296667,3.1673055
2024-12-18 20:11:34.342193,0x33644004,101,4.203,24.743334,3.3529167
2024-12-18 20:12:34.629541,0x33644004,101,4.251,16.901667,3.3572223
2024-12-18 20:12:47.319546,0x433ad35c,98,4.162,19.015,3.0347776
2024-12-18 20:12:54.701779,0x433b0098,101,4.212,24.736668,3.5411386
2024-12-18 20:13:24.752947,0x433aafcc,99,4.178,26.140001,5.794306
2024-12-18 20:13:34.606355,0x33644004,100,4.195,30.55,3.3648055
2024-12-18 20:14:25.434027,0x433acb14,101,4.213,17.611666,3.6592224
2024-12-18 20:14:34.504150,0x33644004,99,4.179,20.431665,3.3734164
2024-12-18 20:15:34.553839,0x33644004,100,4.191,32.23,3.359278
2024-12-18 20:16:30.492501,0x433b0b38,94,4.113,24.761667,2.3553889
2024-12-18 20:16:34.773844,0x33644004,101,4.203,24.841667,3.3631113
2024-12-18 20:17:07.028340,0x433abf20,99,4.178,22.206667,3.7325277
2024-12-18 20:17:10.194595,0x433aad0c,101,4.202,23.191666,3.2206666
2024-12-18 20:17:34.799289,0x33644004,101,4.246,19.535,3.4415834
2024-12-18 20:18:34.808969,0x33644004,101,4.24,20.861668,3.5041113
2024-12-18 20:18:45.474644,0x433ad35c,97,4.158,21.588333,3.175111
2024-12-18 20:18:56.656242,0x433b0098,98,4.163,19.535,3.4752223
2024-12-18 20:19:22.896429,0x433aafcc,98,4.173,24.966665,5.9085555
2024-12-18 20:19:34.703889,0x33644004,100,4.199,23.553333,3.4701114
2024-12-18 20:20:27.034629,0x433acb14,99,4.177,23.541666,3.6825278
2024-12-18 20:20:34.851525,0x33644004,101,4.221,19.914999,3.4609723
2024-12-18 20:21:34.919956,0x33644004,101,4.211,27.66,3.4175832
2024-12-18 20:22:30.468113,0x433b0b38,96,4.138,20.943333,2.3771112
2024-12-18 20:22:34.991235,0x33644004,101,4.252,22.036667,3.4340003
2024-12-18 20:23:12.428679,0x433abf20,101,4.211,22.038334,3.861639
2024-12-18 20:23:18.564593,0x433aad0c,101,4.212,24.368334,3.136278
2024-12-18 20:23:35.021514,0x33644004,100,4.192,26.403336,3.4654722
2024-12-18 20:24:35.098327,0x33644004,99,4.181,22.91,3.4264722
2024-12-18 20:24:53.470077,0x433ad35c,96,4.143,25.87,3.2045555
2024-12-18 20:25:23.351774,0x433aafcc,101,4.201,27.810001,5.8655276
2024-12-18 20:25:35.055766,0x33644004,101,4.207,26.986668,3.4257777
2024-12-18 20:26:28.052411,0x433acb14,101,4.22,19.533333,3.6154444
2024-12-18 20:26:35.079213,0x33644004,101,4.244,20.75,3.39225
2024-12-18 20:27:35.184259,0x33644004,101,4.234,20.816668,3.4403892
2024-12-18 20:28:30.634570,0x433b0b38,100,4.196,30.498335,2.3740556
2024-12-18 20:28:35.198598,0x33644004,101,4.24,30.198332,3.4837499
2024-12-18 20:29:07.634840,0x433abf20,98,4.163,22.765,3.7884445
2024-12-18 20:29:10.865447,0x433aad0c,101,4.217,20.903334,3.121528
2024-12-18 20:29:35.208603,0x33644004,101,4.203,24.585,3.4842224
2024-12-18 20:30:35.220404,0x33644004,101,4.221,33.556667,3.5315833
2024-12-18 20:30:46.997544,0x433ad35c,99,4.183,29.386667,3.3605556
2024-12-18 20:31:23.395233,0x433aafcc,100,4.193,29.986668,5.853139
2024-12-18 20:31:35.338796,0x33644004,101,4.202,29.521667,3.5131388
2024-12-18 20:31:55.645942,0x433b0098,101,4.207,21.341667,3.2872221
2024-12-18 20:32:32.386253,0x433acb14,100,4.19,30.225,3.6991112
2024-12-18 20:32:35.464454,0x33644004,101,4.254,37.993332,3.5568335
2024-12-18 20:33:35.354885,0x33644004,101,4.216,23.271666,3.55225
2024-12-18 20:34:31.138506,0x433b0b38,98,4.168,26.571667,2.3959446
2024-12-18 20:34:35.411674,0x33644004,101,4.247,22.18,3.5675275
2024-12-18 20:35:07.081751,0x433aad0c,101,4.234,28.16,3.0574446
2024-12-18 20:35:35.415329,0x33644004,101,4.25,22.941668,3.5595834
2024-12-18 20:35:57.527931,0x336462e4,101,4.218,22.04,2.416361
2024-12-18 20:36:35.637188,0x33644004,101,4.219,27.268332,3.5917222
2024-12-18 20:36:49.335661,0x433ad35c,100,4.19,23.636665,3.4170556
2024-12-18 20:37:23.648878,0x433aafcc,99,4.184,27.786667,5.897611
2024-12-18 20:37:35.534502,0x33644004,101,4.239,31.368334,3.5584166
2024-12-18 20:37:56.700751,0x433b0098,96,4.137,19.258333,3.3275
2024-12-18 20:38:08.541448,0x433abf20,96,4.145,22.64,3.8124447
2024-12-18 20:38:26.803286,0x433acb14,97,4.155,26.570002,3.6458056
2024-12-18 20:38:35.598100,0x33644004,100,4.194,30.58,3.6738057
2024-12-18 20:39:35.716774,0x33644004,101,4.204,21.738335,3.6685832
2024-12-18 20:40:31.844038,0x433b0b38,96,4.141,30.813334,2.4383056
2024-12-18 20:40:35.617884,0x33644004,101,4.221,29.771667,3.7214444
2024-12-18 20:41:07.661038,0x433aad0c,101,4.21,26.554998,3.0786667
2024-12-18 20:41:35.743836,0x33644004,101,4.222,22.16,3.7396946
2024-12-18 20:42:35.728551,0x33644004,101,4.24,19.958334,3.6940556
2024-12-18 20:42:47.972026,0x433ad35c,98,4.164,20.326666,3.4416108
2024-12-18 20:43:23.902939,0x433aafcc,99,4.186,29.001669,5.8258886
2024-12-18 20:43:35.845515,0x33644004,101,4.23,30.945,3.7314444
2024-12-18 20:44:08.821232,0x433abf20,101,4.209,19.914999,3.76875
2024-12-18 20:44:27.169737,0x433acb14,101,4.214,20.955,3.5577497
2024-12-18 20:44:35.895359,0x33644004,101,4.239,24.651667,3.705722
2024-12-18 20:45:35.889260,0x33644004,101,4.226,24.95,3.7050276
2024-12-18 20:46:33.028619,0x433b0b38,98,4.168,31.708332,2.5392778
2024-12-18 20:46:35.842142,0x33644004,101,4.233,33.161667,3.7625
2024-12-18 20:47:08.367286,0x433aad0c,101,4.202,26.359999,3.1228333
2024-12-18 20:47:36.003076,0x33644004,101,4.231,24.158333,3.7383611
2024-12-18 20:47:56.245176,0x433b0098,101,4.205,19.876667,3.0850832
2024-12-18 20:48:35.959263,0x33644004,98,4.167,23.68,3.7464998
2024-12-18 20:48:52.376805,0x433ad35c,99,4.187,26.426666,3.3728611
2024-12-18 20:49:24.327740,0x433aafcc,101,4.202,26.85,5.872778
2024-12-18 20:49:35.996014,0x33644004,100,4.198,26.836666,3.7278333
2024-12-18 20:50:27.313261,0x433acb14,99,4.189,25.676668,3.6287222
2024-12-18 20:50:36.155022,0x33644004,101,4.237,26.116667,3.7711945
2024-12-18 20:51:36.177039,0x33644004,99,4.187,24.744999,3.7166946
2024-12-18 20:52:34.760365,0x433b0b38,97,4.152,20.800001,2.4313612
2024-12-18 20:52:36.281944,0x33644004,101,4.233,22.811666,3.7693613
2024-12-18 20:53:07.968965,0x433aad0c,101,4.209,21.243334,3.1410556
2024-12-18 20:53:12.750396,0x433abf20,99,4.182,21.393333,3.6724443
2024-12-18 20:53:36.285470,0x33644004,101,4.213,27.431667,3.7691388
2024-12-18 20:53:56.954785,0x433b0098,100,4.191,22.898333,3.049389
2024-12-18 20:54:36.382385,0x33644004,101,4.219,29.811665,3.859
2024-12-18 20:55:03.640932,0x433ad35c,100,4.196,33.666668,3.5097222
2024-12-18 20:55:24.800953,0x433aafcc,101,4.214,44.01167,6.058639
2024-12-18 20:55:36.342385,0x33644004,101,4.214,35.66,3.8030834
2024-12-18 20:56:27.528010,0x433acb14,101,4.232,23.171667,3.726028
2024-12-18 20:56:36.484283,0x33644004,101,4.214,25.428333,3.8260832
2024-12-18 20:57:36.394228,0x33644004,101,4.215,21.244999,3.8260832
2024-12-18 20:58:33.731946,0x433b0b38,96,4.134,24.848333,2.4295833
2024-12-18 20:58:36.594325,0x33644004,101,4.239,23.311666,3.8755834
2024-12-18 20:59:08.016419,0x433aad0c,101,4.218,25.473331,3.1235278
2024-12-18 20:59:12.264784,0x433abf20,99,4.189,22.405,3.6973054
2024-12-18 20:59:36.530710,0x33644004,101,4.232,25.130001,3.9214723
2024-12-18 21:00:36.673224,0x33644004,101,4.233,25.228333,3.855361
2024-12-18 21:01:00.599940,0x433ad35c,100,4.19,25.0,3.4686944
2024-12-18 21:01:25.968917,0x433aafcc,101,4.211,25.046667,6.171944
2024-12-18 21:01:36.577547,0x33644004,101,4.228,34.850002,3.8428612
2024-12-18 21:02:27.749060,0x433acb14,101,4.211,22.655,3.7461388
2024-12-18 21:02:37.029483,0x33644004,101,4.227,24.501667,3.8043334
2024-12-18 21:02:58.149953,0x433b0098,96,4.136,19.956667,3.0186388
2024-12-18 21:03:36.896943,0x33644004,101,4.23,25.256666,3.7680836
2024-12-18 21:04:36.956363,0x33644004,100,4.197,24.025002,3.785889
2024-12-18 21:04:38.351544,0x433b0b38,96,4.143,20.468334,2.389861
2024-12-18 21:05:09.070435,0x433aad0c,99,4.177,39.274998,3.1303334
2024-12-18 21:05:37.104329,0x33644004,99,4.186,19.256666,3.7566667
2024-12-18 21:06:02.844845,0x336462e4,99,4.189,19.766666,2.8186111
2024-12-18 21:06:36.981501,0x33644004,101,4.219,22.71,3.6775
2024-12-18 21:06:55.482204,0x433ad35c,96,4.144,25.338333,3.5438056
2024-12-18 21:07:09.721753,0x433abf20,98,4.173,21.216667,3.581222
2024-12-18 21:07:24.977760,0x433aafcc,101,4.208,25.198334,6.2539444
2024-12-18 21:07:37.149877,0x33644004,99,4.189,22.526667,3.6875832
2024-12-18 21:08:29.337135,0x433acb14,97,4.151,21.48,3.7573888
2024-12-18 21:08:37.233004,0x33644004,101,4.225,22.423332,3.6535833
2024-12-18 21:09:37.251797,0x33644004,100,4.193,23.501667,3.6287777
2024-12-18 21:09:59.471238,0x433b0098,100,4.2,18.463333,3.2575
2024-12-18 21:10:34.684551,0x433b0b38,101,4.203,25.16,2.49475
2024-12-18 21:10:37.206281,0x33644004,100,4.191,25.376665,3.678278
2024-12-18 21:11:08.849220,0x433aad0c,101,4.251,24.156668,3.2748609
2024-12-18 21:11:37.211653,0x33644004,101,4.203,22.503332,3.62925
2024-12-18 21:12:37.381776,0x33644004,101,4.261,19.191666,3.581361
2024-12-18 21:12:58.938777,0x433ad35c,99,4.186,24.056667,3.5255835
2024-12-18 21:13:10.978382,0x433abf20,101,4.203,24.723333,3.3855
2024-12-18 21:13:25.365950,0x433aafcc,99,4.182,27.513334,6.233639
2024-12-18 21:13:37.272374,0x33644004,101,4.25,29.62,3.6664445
2024-12-18 21:14:28.479266,0x433acb14,99,4.181,23.531666,3.7610834
2024-12-18 21:14:37.750976,0x33644004,101,4.232,16.478333,3.5642776
2024-12-18 21:15:37.605301,0x33644004,99,4.189,20.558334,3.5900555
2024-12-18 21:16:01.335880,0x433b0098,96,4.14,24.31,3.2686944
2024-12-18 21:16:36.709408,0x433b0b38,98,4.164,25.293333,2.4268055
2024-12-18 21:16:37.732655,0x33644004,101,4.208,27.563334,3.672389
2024-12-18 21:17:09.036737,0x433aad0c,101,4.229,21.87,3.2528055
2024-12-18 21:17:37.947798,0x33644004,101,4.204,22.363333,3.5911944
2024-12-18 21:18:37.824770,0x33644004,99,4.176,22.696667,3.5752501
2024-12-18 21:18:56.617901,0x433ad35c,101,4.229,17.911667,3.441139
2024-12-18 21:19:25.480008,0x433aafcc,101,4.217,25.545002,6.0945277
2024-12-18 21:19:38.062041,0x33644004,99,4.183,25.87,3.5235
2024-12-18 21:20:11.536233,0x433abf20,101,4.204,20.75,3.4356666
2024-12-18 21:20:29.177278,0x433acb14,101,4.205,25.626665,3.697472
2024-12-18 21:20:38.063540,0x33644004,100,4.195,26.101667,3.5369444
2024-12-18 21:21:38.058270,0x33644004,100,4.193,23.54,3.5009167
2024-12-18 21:21:54.654218,0x3364411c,99,4.181,21.908335,7.2836666
2024-12-18 21:22:01.137559,0x433b0098,101,4.201,23.268333,3.1772501
2024-12-18 21:22:35.566145,0x433b0b38,98,4.174,30.261665,2.4418888
2024-12-18 21:22:38.134221,0x33644004,101,4.244,27.796667,3.4514446
2024-12-18 21:23:09.495359,0x433aad0c,88,4.038,20.01,3.4591668
2024-12-18 21:23:38.140548,0x33644004,101,4.232,20.556665,3.469667
2024-12-18 21:24:38.187746,0x33644004,100,4.199,26.953333,3.386889
2024-12-18 21:24:55.442072,0x433ad35c,100,4.196,21.808334,3.4418054
2024-12-18 21:25:25.823003,0x433aafcc,101,4.203,24.995,6.306889
2024-12-18 21:25:38.212198,0x33644004,99,4.184,27.95,3.3839166
2024-12-18 21:26:11.227712,0x433abf20,101,4.206,24.23,3.3574169
2024-12-18 21:26:28.914363,0x433acb14,100,4.2,21.546667,3.6056113
2024-12-18 21:26:38.259410,0x33644004,101,4.205,23.488335,3.4090557
2024-12-18 21:27:38.300095,0x33644004,101,4.201,23.703333,3.4366112
2024-12-18 21:28:04.145581,0x433b0098,98,4.171,20.338333,3.2085278
2024-12-18 21:28:36.688369,0x433b0b38,95,4.13,25.593334,2.3746388
2024-12-18 21:28:38.463285,0x33644004,98,4.172,27.305,3.4012501
2024-12-18 21:29:11.026904,0x433aad0c,101,4.222,27.143332,3.5483334
2024-12-18 21:29:38.359291,0x33644004,101,4.255,19.208332,3.3725002
2024-12-18 21:30:38.476065,0x33644004,101,4.212,23.951666,3.3864167
2024-12-18 21:30:53.924023,0x433ad35c,99,4.183,27.128332,3.392111
2024-12-18 21:31:26.159513,0x433aafcc,101,4.206,26.006666,6.267667
2024-12-18 21:31:38.464415,0x33644004,101,4.206,24.526667,3.314139
2024-12-18 21:32:11.393371,0x433abf20,98,4.169,24.668333,3.336361
2024-12-18 21:32:29.646689,0x433acb14,101,4.204,27.196667,3.5946667
2024-12-18 21:32:38.496271,0x33644004,99,4.176,27.923334,3.3095558
2024-12-18 21:33:38.591244,0x33644004,101,4.236,26.046667,3.2619166
2024-12-18 21:34:06.848762,0x433b0098,100,4.194,23.803333,3.1285
2024-12-18 21:34:35.822328,0x433b0b38,100,4.194,23.585001,2.2467778
2024-12-18 21:34:38.622564,0x33644004,101,4.216,24.101667,3.2559724
2024-12-18 21:35:13.199379,0x433aad0c,100,4.197,21.473333,3.5716388
2024-12-18 21:35:38.770133,0x33644004,101,4.204,21.324999,3.3047502
2024-12-18 21:36:07.093156,0x336462e4,101,4.224,23.021667,2.613889
2024-12-18 21:36:38.652592,0x33644004,101,4.209,28.971666,3.409389
2024-12-18 21:36:53.641092,0x433ad35c,100,4.192,28.738335,3.3243887
2024-12-18 21:37:26.374071,0x433aafcc,101,4.248,21.08,6.161722
2024-12-18 21:37:38.825398,0x33644004,101,4.225,23.826666,3.3496113
2024-12-18 21:38:13.279052,0x433abf20,98,4.164,17.12,3.2870278
2024-12-18 21:38:29.419333,0x433acb14,99,4.183,22.298332,3.568028
2024-12-18 21:38:38.758450,0x33644004,101,4.214,20.598333,3.3615
